question_id,question,expected_answer,year,expected_source,check_points,qa_group
qa_001,"2021년도 학과 개설 초기에 입학한 학번인데, 지금 교육과정과 비교하면 무엇이 가장 다른가요?","2021년 교육과정은 의료인공지능학과 기준으로 전공 90학점(설계교과 20학점 포함), 교양필수 10학점, 중점교양 10학점 구조였습니다. 2025년 교육과정은 인공지능학과 기준으로 전공 70학점(설계교과 14학점 포함), KY Vision 7학점, 교양필수 6학점, 교양선택 25학점 구조로 정리되어 학과명과 이수 체계가 달라졌습니다. 다만 졸업작품 및 보고서 제출·발표·심사 통과는 공통 졸업요건입니다.",공통,2021_cr.pdf;2025_cr.pdf,2021 전공 90학점;2025 전공 70학점;설계교과;졸업작품,department_web
qa_002,2022년 교육과정 로드맵을 보면 전년도에 비해 어떤 실무 역량이 정교해졌나요?,"2022년 교육과정은 2021년에 비해 교양필수가 13학점으로 늘고 ESG 지역사회 문제해결, 나의 꿈과 미래 디자인, 사회진출 성공전략 등이 포함되었습니다. 전공에서는 AI 프로그래밍실습, AI 프로그래밍기초, 데이터베이스 프로그래밍, 메디컬 앱 프로그래밍, 머신러닝과딥러닝, AI융합설계 등 실습·설계 기반 과목 체계가 유지·정리되었습니다. 제공 자료에는 '자료구조 실습'이라는 과목명은 확인되지 않습니다.",2022,2022_cr.pdf,교양필수 13학점;ESG 지역사회 문제해결;AI융합설계;자료구조 실습 없음,department_web
qa_003,2023년도 교육과정에 있던 '보건의료 데이터분석' 과목은 학과명이 바뀐 지금도 수강할 수 있나요?,"제공된 2023 교육과정에는 '보건의료 데이터분석'이라는 정확한 과목명은 확인되지 않습니다. 대신 의료 데이터와 관련된 과목으로 EMR데이터분석, Clinical Data Warehouse 분석, 의료영상데이터분석 등이 개설되어 있습니다. 2025 교육과정에서는 EMR데이터분석과 의료영상신호데이터분석 등이 의료AI 융합트랙 관련 과목으로 이어집니다.",2023,2023_cr.pdf;2025_cr.pdf,보건의료 데이터분석 없음;EMR데이터분석;Clinical Data Warehouse 분석;의료영상데이터분석,department_web
qa_004,2023년도에 명시되었던 '병원 인공지능 실무' 수업은 주로 무엇을 다루며 몇 학년 과정이었나요?,"2023년 교육과정에서 병원인공지능실무-1은 4학년 1학기, 병원인공지능실무-2는 4학년 2학기에 배치된 3학점 전공 과목입니다. 교과목 개요에 따르면 병원에서 사용하는 의료 인공지능 기술 사례를 살펴보고, 병원 현장 적용 시 고려할 점을 배우며 실제 적용 업무를 수행하는 과목입니다.",2023,2023_cr.pdf,병원인공지능실무-1;병원인공지능실무-2;4학년;병원 현장 적용,department_web
qa_005,2024년도 교육과정 개편 때 학과명이 '의료인공지능학과'에서 '인공지능학과'로 전격 변경된 진짜 이유는 무엇인가요?,"2024년부터 의료인공지능학과는 인공지능학과로 명칭이 변경되었습니다. 입학 Q&A 자료에 따르면 의료뿐 아니라 산업 전 분야의 AI 수요에 대응하고 학생들의 진로 탐색 기회를 넓히기 위한 개편이며, 50여 개 기업 요구사항을 반영한 실무형 AI·SW 교육과정으로 정리되었습니다. 다만 대전 메디컬캠퍼스와 의료인공지능 특성화 교육은 계속 활용됩니다.",2024,2024_cr.pdf;ai_department_week11_crawling_with_ocr (1).csv,2024년 명칭 변경;산업 전 분야 AI 수요;실무형 AI·SW 교육과정;의료AI 특성화 유지,department_web
qa_006,2024학번 이후 학생들은 고학년 때 이수해야 하는 프로젝트 수업 명칭이 어떻게 바뀌었나요?,"2024 교육과정의 고학년 프로젝트·설계 과목은 AI 프로젝트 I·II, AI캡스톤디자인 I·II가 중심입니다. 또한 4학년에는 인공지능실무-1, 인공지능실무-2 같은 실무 과목도 배치되어 있습니다. 제공된 최종 RAG 자료 기준으로 'AI종합프로젝트'라는 과목명은 확인되지 않습니다.",2024,2024_cr.pdf,AI 프로젝트 I;AI 프로젝트 II;AI캡스톤디자인 I;AI캡스톤디자인 II;AI종합프로젝트 없음,department_web
qa_007,2025년도 최신 교육과정에서 정의하는 '창의 실무형 AI 전문 인재'가 되려면 구체적으로 어떤 최신 기술을 배우나요?,"2025 교육과정에서 확인되는 최신·핵심 AI 관련 과목은 기계학습, 딥러닝, 고급딥러닝, 딥러닝영상처리, 딥러닝자연어처리, 강화학습, 생성형AI 등입니다. 여기에 데이터사이언스를위한파이썬, 데이터베이스프로그래밍, JAVA프로그래밍, 클라우드컴퓨팅, 앱프로그래밍, 의료영상신호데이터분석, 의료인공지능실무가 함께 배치되어 실무형 AI 역량을 기르도록 구성되어 있습니다.",2025,2025_cr.pdf,기계학습;딥러닝;고급딥러닝;생성형AI;의료영상신호데이터분석,department_web
qa_008,"2025년도에 입학하는 신입생의 경우, 과거 학번에 비해 수학 과목에 대한 부담이 줄었나요?","제공 자료만으로는 2025학번의 수학 부담이 과거보다 줄었다고 단정할 수 없습니다. 다만 2025 교육과정에는 1학년 2학기에 AI를위한기초수학및통계 3학점 과목이 배치되어 있고, 입학 Q&A에서는 인공지능 이론의 개념 이해에는 고등수학이 필수는 아니며 관련 수업에서 수학적 사고를 포함해 교육한다고 안내합니다.",2025,2025_cr.pdf;ai_department_week11_crawling_with_ocr (1).csv,AI를위한기초수학및통계;1학년 2학기;고등수학 필수 아님;수학적 사고 교육,department_web
qa_009,"과거 연도(2021~2023) 교육과정과 최신 연도(2024~2025) 교육과정 중, 졸업을 위한 필수 이수 학점 구조의 큰 틀이 변했나요?","큰 틀에서 졸업 최소 이수학점 130학점과 졸업작품 및 보고서 제출·발표·심사 통과 요건은 2021~2025년에 공통으로 유지됩니다. 다만 내부 학점 구조는 바뀌었습니다. 2021~2024는 전공 90학점과 교양필수·중점교양 체계가 중심이고, 2025는 전공 70학점, KY Vision 7학점, 교양필수 6학점, 교양선택 25학점 구조로 정리됩니다.",공통,2021_cr.pdf;2022_cr.pdf;2023_cr.pdf;2024_cr.pdf;2025_cr.pdf,졸업 최소 130학점;졸업작품;2025 KY Vision;전공 학점 변화,department_web
qa_010,내가 만약 복학하거나 전과를 해서 과거 학번 교육과정과 현재 교육과정이 꼬인다면 어떻게 이수해야 하나요?,"제공된 RAG 자료에는 복학·전과자의 동일대체 과목 지정 방식이나 개별 이수 변경 처리 기준이 구체적으로 제시되어 있지 않습니다. 확인 가능한 것은 연도별 학점 이수 체계와 전공·교양 기준이므로, 실제 복학·전과 상황에서는 본인 학번 적용 교육과정과 학과의 대체 인정 기준을 별도로 확인해야 합니다.",공통,2021_cr.pdf;2022_cr.pdf;2023_cr.pdf;2024_cr.pdf;2025_cr.pdf,동일대체 과목 자료 없음;연도별 학점 이수 체계;개별 확인 필요,department_web
qa_011,인공지능학과와 일반 컴퓨터공학과의 명확한 차이점은 무엇인가요?,"제공 자료에는 일반 컴퓨터공학과와의 전체 비교표는 없습니다. 다만 학과소개 자료 기준으로 인공지능학과는 AI, 데이터 분석, 머신러닝·딥러닝, 인공지능 융합 프로젝트와 실무역량에 초점을 둡니다. 입학 Q&A에서도 의료IT와 의료인공지능학과의 차이를 설명하며 의료인공지능학과는 AI를 기반으로 하는 학과라고 안내합니다.",공통,week11_crawling_final.csv;ai_department_week11_crawling_with_ocr (1).csv,비교표 없음;AI 기반 학과;데이터 분석;머신러닝·딥러닝,department_web
qa_012,수학을 못하면 인공지능학과 전공 수업을 따라가기 어렵나요?,"입학 Q&A에서는 인공지능 이론의 개념을 이해하는 데 고등수학이 필수는 아니며, 관련 수업에서 수학적 사고를 포함해 교육한다고 안내합니다. 교육과정상으로는 AI를 위한 기초수학 및 통계 과목이 있어 필요한 수학·통계 기초를 전공 안에서 다룹니다.",공통,ai_department_week11_crawling_with_ocr (1).csv;2025_cr.pdf,고등수학 필수 아님;수학적 사고;AI를 위한 기초수학 및 통계,department_web
qa_013,문과 출신 교차지원생이나 비전공자도 코딩 수업에 적응할 수 있을까요?,"제공 자료에는 문과 출신 교차지원생에 대한 별도 공식 답변은 없습니다. 다만 AI 프로그래밍기초는 파이썬 입문자가 꼭 필요한 내용을 학습하도록 구성된 과목이고, AI 프로그래밍실습과 데이터사이언스를위한파이썬도 저학년 과정에 배치되어 있어 기초부터 학습하는 구조입니다.",공통,2025_cr.pdf;2024_cr.pdf,교차지원 공식 답변 없음;AI 프로그래밍기초;파이썬 입문;저학년 기초 과정,department_web
qa_014,학과에서 인공지능 능력을 기르기 위해 주로 사용하는 프로그래밍 언어는 무엇인가요?,"교육과정에서 가장 중심적으로 확인되는 언어는 파이썬입니다. 2025 교육과정에는 AI프로그래밍기초, AI프로그래밍실습, 데이터사이언스를위한파이썬이 있고, 2학년에는 JAVA프로그래밍도 배치되어 있습니다. 제공 자료 기준으로 C언어를 주 언어로 배운다는 근거는 확인되지 않습니다.",공통,2025_cr.pdf,파이썬;AI프로그래밍기초;데이터사이언스를위한파이썬;JAVA프로그래밍;C언어 근거 없음,department_web
qa_015,학년별 전공 교육과정은 대략 어떤 흐름으로 진행되나요?,"2025 교육과정 기준으로 1학년은 인공지능 이해, AI 프로그래밍, 데이터사이언스 파이썬, 기초수학 및 통계, 기계학습을 배웁니다. 2학년은 데이터베이스, JAVA, AI융합설계, 딥러닝, 클라우드컴퓨팅, 알고리즘, 고급딥러닝을 다룹니다. 3학년은 의료AI 융합트랙, 딥러닝영상처리, 앱프로그래밍, 자연어처리, AI프로젝트를 진행하고, 4학년은 의료영상신호데이터분석, 강화학습, 의료인공지능실무, 생성형AI, AI캡스톤디자인으로 이어집니다.",공통,2025_cr.pdf,1학년 기초;2학년 딥러닝·알고리즘;3학년 AI프로젝트;4학년 캡스톤디자인,department_web
qa_016,인공지능학과 졸업 후 취득할 수 있는 국가 자격증이나 전공 관련 인증은 무엇이 있나요?,"진로및자격증 자료에는 정보처리기사, 정보처리산업기사, 의공기사, 로봇소프트웨어개발기사, 로봇기구개발기사, 로봇하드웨어개발기사, ICDL COMPUTING(PYTHON), ADsP, AWS 공인 솔루션스 아키텍, AWS 공인 개발자, AWS 공인 시스템 운영 관리자 등이 제시되어 있습니다. SW중심대학 소개자료에는 ADP, SQLP, 리눅스마스터, 정보처리기사도 관련 자격증으로 언급됩니다.",공통,week11_crawling_final.csv;ai_department_week11_crawling_with_ocr (1).csv,정보처리기사;ADsP;AWS 자격증;로봇소프트웨어개발기사;SQLP,department_web
qa_017,졸업생들은 구체적으로 어떤 직무나 기업 분야로 취업하나요?,"진로및자격증 자료 기준 졸업 후 진로는 인공지능 아키텍처 설계자, 인공지능 모델 개발자, 인공지능 소프트웨어 개발자, BigData scientist, Cloud 운용 전문가, 해외 SW 개발 회사 등입니다. 진출 분야는 SW, 게임, 반도체, 의료, 자동차 등 산업 전 분야의 기업체, 연구기관, 공기업, 정부부처, 교육계, 대학원·해외유학 등으로 제시되어 있습니다.",공통,week11_crawling_final.csv,AI 모델 개발자;BigData scientist;Cloud 운용 전문가;기업체;연구기관,department_web
qa_018,전공 수업 외에 공모전이나 학술대회에 참여할 기회가 주어지나요?,"직접적인 공모전 운영 절차까지는 자세히 나오지 않지만, SW중심대학 소개자료에는 AI 알고리즘 연구회, 데이터 분석 스터디, 공모전 준비반 운영이 제시되어 있습니다. 또한 교육과정 내규에는 전국규모 공모전 입상이나 전국규모 학회 논문 발표·게재가 졸업작품 심사 통과 인정 기준이 될 수 있다고 되어 있습니다.",공통,ai_department_week11_crawling_with_ocr (1).csv;2025_cr.pdf,공모전 준비반;AI 알고리즘 연구회;전국규모 공모전;학회 논문,department_web
qa_019,인공지능 모델을 학습시키려면 고성능 컴퓨터가 필요한데 학과 실습 환경은 어떤가요?,SW중심대학 사업 안내 자료에는 인공지능학과의 실습환경으로 전용 GPU 서버실 운영과 1인 1실습 PC 환경 보장이 제시되어 있습니다. 따라서 개인 장비만으로 모든 모델 학습을 감당해야 한다고 보기는 어렵습니다.,공통,ai_department_week11_crawling_with_ocr (1).csv,전용 GPU 서버실;1인 1실습 PC;실습환경,department_web
qa_020,수시 전형에서 면접을 보게 된다면 뛰어난 코딩 실력을 증명해야 하나요?,"제공된 자료에는 수시 면접에서 뛰어난 코딩 실력을 증명해야 한다는 조건은 확인되지 않습니다. 입학정보 자료에는 학생부교과 성적 반영 방법과 서류 제출, 전형 일정 등이 중심으로 제시되어 있으며, 코딩 실력 증명 요구는 별도로 명시되어 있지 않습니다.",공통,week11_crawling_final.csv;ai_department_week11_crawling_with_ocr (1).csv,코딩 실력 요구 없음;학생부교과;전형 일정;입학정보,department_web
qa_021,이 학과만이 가진 차별화된 특성화 방향과 장점은 무엇인가요?,"학과의 장점은 인공지능 기술을 산업 전 분야에 적용하는 교육과 함께 대전 메디컬캠퍼스와 건양대학교병원 인프라를 활용한 의료AI 특성화 교육을 유지한다는 점입니다. 2024 입학 Q&A에는 50여 개 기업 요구사항을 반영한 AI·SW 교육과정, 네이버클라우드아카데미, 실제 의료데이터 활용 교육이 언급됩니다.",공통,ai_department_week11_crawling_with_ocr (1).csv;week11_crawling_final.csv,의료AI 특성화;대전 메디컬캠퍼스;50여 개 기업;네이버클라우드아카데미,department_web
qa_022,대학 입학 전에 미리 코딩이나 전공 공부를 하고 와야 할까요?,"입학 전 반드시 전문적인 코딩이나 전공 공부를 끝내야 한다는 조건은 제공 자료에 없습니다. 교육과정에는 AI프로그래밍기초, AI프로그래밍실습, 데이터사이언스를위한파이썬처럼 저학년 기초 과목이 배치되어 있어 입학 후 기초부터 배울 수 있는 구조입니다.",공통,2025_cr.pdf;2024_cr.pdf,사전 학습 필수 아님;AI프로그래밍기초;AI프로그래밍실습;저학년 기초,department_web
qa_023,데이터 분석과 정제를 배울 때 구체적으로 어떤 도구들이나 라이브러리를 사용하나요?,"제공된 교육과정 자료에는 Pandas, NumPy, RStudio 같은 구체 라이브러리·도구명이 명시되어 있지 않습니다. 확인 가능한 범위에서는 데이터사이언스를위한파이썬, 데이터베이스프로그래밍, 클라우드컴퓨팅, 데이터 분석 관련 SW기초 과목을 통해 데이터 수집·분석·관리 역량을 다루는 것으로 정리할 수 있습니다.",공통,2025_cr.pdf;2024_cr.pdf,구체 라이브러리명 없음;데이터사이언스를위한파이썬;데이터베이스프로그래밍;클라우드컴퓨팅,department_web
qa_024,고학년 과정에 있는 '인공지능 캡스톤디자인' 수업은 구체적으로 어떻게 진행되나요?,"2025 교육과정에서 AI캡스톤디자인 I은 4학년 1학기, AI캡스톤디자인 II는 4학년 2학기에 배치된 3학점 설계 교과목입니다. 학과 내규상 학위 수여를 위해서는 졸업작품 및 보고서를 제출하고 발표와 심사를 통과해야 하므로, 캡스톤디자인은 고학년 종합설계와 졸업작품 준비의 핵심 과목으로 볼 수 있습니다.",공통,2025_cr.pdf;2021_cr.pdf;2022_cr.pdf;2023_cr.pdf;2024_cr.pdf,AI캡스톤디자인 I;AI캡스톤디자인 II;4학년;졸업작품;설계교과,department_web
qa_025,학과 교육과정에서 딥러닝을 구현할 때 어떤 프레임워크를 주로 다루나요?,"제공된 RAG 자료에는 TensorFlow나 PyTorch 같은 특정 딥러닝 프레임워크명이 명시되어 있지 않습니다. 확인 가능한 과목명은 딥러닝, 고급딥러닝, 딥러닝영상처리, 딥러닝자연어처리 등이며, 어떤 프레임워크를 쓰는지는 강의계획서 등 별도 자료가 필요합니다.",공통,2025_cr.pdf,TensorFlow 근거 없음;PyTorch 근거 없음;딥러닝;고급딥러닝;강의계획서 필요,department_web
qa_026,내신 성적이나 모의고사 등급이 다소 부족한데 지원 시 합격 가능성이 있을까요?,"제공 자료만으로 개인의 합격 가능성을 판단할 수는 없습니다. 2024 입학정보에는 학생부교과 성적 반영 방법, 반영 과목, 전형 일정 등이 제시되어 있으므로, 실제 지원 가능성은 해당 연도 모집요강과 본인의 성적 산출 결과를 기준으로 확인해야 합니다.",공통,week11_crawling_final.csv,합격 가능성 판단 불가;학생부교과;성적 반영 방법;모집요강 확인,department_web
qa_027,학과 내 선후배나 동기들과 전공 공부를 함께 할 수 있는 모임이나 동아리가 있나요?,"SW중심대학 사업 안내 자료에는 학생활동으로 AI 알고리즘 연구회, 데이터 분석 스터디, 공모전 준비반 운영이 제시되어 있습니다. 따라서 전공 공부와 공모전 준비를 함께할 수 있는 학습 모임 성격의 활동이 마련되어 있다고 볼 수 있습니다.",공통,ai_department_week11_crawling_with_ocr (1).csv,AI 알고리즘 연구회;데이터 분석 스터디;공모전 준비반;학생활동,department_web
qa_028,대용량 데이터를 다루기 위한 빅데이터 관련 과목도 개설되어 있나요?,"교육과정에는 대용량 데이터만을 제목으로 내세운 과목보다 데이터사이언스를위한파이썬, 데이터베이스프로그래밍, 클라우드컴퓨팅, 기계학습, 딥러닝 등 데이터 분석·관리·AI 모델링에 필요한 과목들이 배치되어 있습니다. 진로및자격증 자료에서도 BigData scientist와 Cloud 운용 전문가가 졸업 후 진로로 제시됩니다.",공통,2025_cr.pdf;week11_crawling_final.csv,데이터사이언스를위한파이썬;데이터베이스프로그래밍;클라우드컴퓨팅;BigData scientist,department_web
qa_029,인공지능 개발자나 데이터 과학자가 되기 위해 가장 핵심적인 역량은 무엇인가요?,"핵심 역량은 프로그래밍 구현 능력, 데이터와 정보를 이해·분석하는 능력, 전체 시스템을 고려해 문제를 해결하는 시스템적 사고능력, 팀 기반 프로젝트를 위한 의사소통·협업 능력으로 정리할 수 있습니다. 2025 교육과정의 전공역량도 창의융합역량, 의사소통역량, 실무개발역량으로 제시됩니다.",공통,2025_cr.pdf;week11_crawling_final.csv,프로그래밍;정보 이해와 분석;시스템적 사고;의사소통역량;실무개발역량,department_web
qa_030,대학 생활이나 어려운 전공 수업 적응을 돕는 학과 자체 프로그램이 있나요?,"전공 수업 적응을 위한 멘토링 프로그램의 세부 운영 방식은 제공 자료에 구체적으로 나오지 않습니다. 다만 2025 교육과정에는 KY Vision 진로취창업 영역과 SW기초 영역이 있고, 2026 AISW융합대학 소개자료에는 일대일 맞춤형 진로 상담, 학생 자율 협업 공간, 프로젝트 참여 수당 등이 학생 지원 요소로 제시되어 있습니다.",공통,2025_cr.pdf;ai_department_week11_crawling_with_ocr (1).csv,멘토링 세부자료 없음;KY Vision;SW기초;일대일 맞춤형 진로 상담,department_web
qa_031,인공지능 기술 중에서도 구체적으로 어떤 세부 인공지능 분야들을 경험할 수 있나요?,"교육과정에서 경험할 수 있는 세부 분야는 기계학습, 딥러닝, 컴퓨터 비전 성격의 딥러닝영상처리, 딥러닝자연어처리, 강화학습, 생성형AI, 의료영상신호데이터분석, 의료인공지능실무 등입니다. 웹 자료에서도 AI 모델러, 데이터 사이언티스트, 자율주행 소프트웨어 개발자, 금융 AI 전문가 등 진출 분야가 제시됩니다.",공통,2025_cr.pdf;ai_department_week11_crawling_with_ocr (1).csv,기계학습;딥러닝영상처리;자연어처리;강화학습;생성형AI,department_web
qa_032,기계학습(머신러닝) 교과목에서는 어떤 상세 알고리즘들을 직접 구현해보나요?,"제공된 2025 교육과정에는 기계학습 과목이 1학년 2학기에 3학점으로 개설된다는 정보는 있지만, 의사결정나무·랜덤포레스트·XGBoost 같은 상세 알고리즘 목록은 명시되어 있지 않습니다. 상세 알고리즘은 강의계획서나 수업 자료를 추가로 확인해야 합니다.",공통,2025_cr.pdf,기계학습;1학년 2학기;상세 알고리즘 자료 없음;강의계획서 필요,department_web
qa_033,성적 장학금 외에 인공지능학과 학생이 노려볼 수 있는 별도의 장학금 제도가 있나요?,"SW중심대학 사업 안내 자료에는 장학제도로 신입생 전원 SW 특별 장학금, 성적 우수 장학금, 프로젝트 참여 수당이 제시되어 있습니다. 구체적인 지급 조건과 금액은 해당 연도 장학 안내 자료를 별도로 확인해야 합니다.",공통,ai_department_week11_crawling_with_ocr (1).csv,SW 특별 장학금;성적 우수 장학금;프로젝트 참여 수당;조건 별도 확인,department_web
qa_034,학부 재학 기간 중 실제 기업 현장을 경험할 수 있는 인턴십 기회가 주어지나요?,"교육과정에는 의료인공지능현장실습과 해외의료인공지능현장실습 과목이 있으며, 2025 기준으로 하계·동계 4학점·8학점 과정과 학기 중 12학점·15학점 과정이 제시됩니다. 2026 AISW융합대학 소개자료에는 국내외 IT 기업 인턴십과 글로벌 챌린저 프로그램도 취업지원 요소로 언급됩니다.",공통,2025_cr.pdf;ai_department_week11_crawling_with_ocr (1).csv,의료인공지능현장실습;해외의료인공지능현장실습;국내외 IT 기업 인턴십;글로벌 챌린저,department_web
qa_035,인공지능 기술의 윤리적 편향성이나 법적 분쟁에 대해서도 정규 교육과정에서 가르치나요?,"제공 자료에는 2026 AISW융합대학 소개자료의 심화과정에 인공지능 윤리가 언급되어 있습니다. 다만 2025 전공 교과목 일람표에는 '인공지능 윤리'가 별도 전공 교과목명으로 확인되지는 않으며, 법적 분쟁을 정규 과목에서 다룬다는 세부 내용도 확인되지 않습니다.",공통,ai_department_week11_crawling_with_ocr (1).csv;2025_cr.pdf,인공지능 윤리 언급;별도 교과목명 없음;법적 분쟁 세부자료 없음,department_web
qa_036,학과 입학 시 반드시 고가의 고사양 개인 노트북을 새로 구매해야 할까요?,제공 자료에는 고가의 개인 노트북 구매가 필수라는 조건은 없습니다. 오히려 SW중심대학 사업 안내에는 전용 GPU 서버실 운영과 1인 1실습 PC 환경 보장이 제시되어 있습니다. 개인 장비 권장 사양은 별도 안내자료가 필요합니다.,공통,ai_department_week11_crawling_with_ocr (1).csv,고가 노트북 필수 아님;전용 GPU 서버실;1인 1실습 PC;권장 사양 별도 확인,department_web
qa_037,코딩 실습 도중 오류가 발생했을 때 해결을 도와주는 지원 체계가 있나요?,"제공된 최종 RAG 자료에는 실습 조교, 디버깅 지원, 멘토링 스터디의 세부 운영 방식이 명시되어 있지 않습니다. 확인 가능한 학생활동으로는 AI 알고리즘 연구회, 데이터 분석 스터디, 공모전 준비반이 있으며, 코딩 오류 지원 체계의 구체 내용은 학과 안내나 강의계획서를 추가 확인해야 합니다.",공통,ai_department_week11_crawling_with_ocr (1).csv,실습 조교 자료 없음;디버깅 지원 자료 없음;AI 알고리즘 연구회;데이터 분석 스터디,department_web
qa_038,"인공지능학과 전공 수업은 주로 이론 중심인가요, 아니면 실습 중심인가요?","전공 수업은 이론과 실습이 섞여 있지만, 실무 중심 요소가 강합니다. 2025 전공표에는 AI프로그래밍실습, 데이터베이스프로그래밍, JAVA프로그래밍, AI프로젝트, 앱프로그래밍, AI캡스톤디자인처럼 실습·프로젝트·설계 과목이 다수 포함되어 있고, 학과소개도 AI프로젝트와 캡스톤디자인, 산학공동연구를 통한 현장 중심 실무역량을 강조합니다.",공통,2025_cr.pdf;week11_crawling_final.csv,이론과 실습 병행;AI프로젝트;AI캡스톤디자인;현장 중심 실무역량,department_web
qa_039,"2021년 기준, 단일전공으로 졸업하려는데 필수 전공 학점만 채우면 졸업작품은 자동으로 통과되나요?","아닙니다. 모든 학점을 취득하거나 취득 가능하더라도, 학칙 및 시행세칙에 따라 별도로 졸업작품 및 보고서를 제출하고 발표 심사까지 최종 통과해야 학위가 수여됩니다.",2021,2021_cr.pdf,"졸업작품, 보고서 제출, 발표 심사",curriculum
qa_040,"2021년 기준, 캡스톤디자인이나 프로젝트 수업 같은 '설계 교과'는 단일전공자라면 무조건 들어야 하나요? 필수 이수 학점이 따로 있나요?","네, 단일전공자는 전공 최소 이수 학점인 90학점 중에 반드시 20학점을 '설계 교과'로 채워서 이수해야 합니다.",2021,2021_cr.pdf,"설계교과 필수학점, 단일전공 기준",curriculum
qa_041,"2021년 기준, 부전공이나 복수전공(융합/연계전공)을 하는 학생도 설계교과 20학점 필수 이수 규칙이 동일하게 적용되나요?","아닙니다. 편입생을 비롯해 복수전공, 연계전공, 융합전공, 부전공 이수자는 설계교과 필수 이수(20학점) 규칙에서 예외로 인정됩니다.",2021,2021_cr.pdf,"부전공 예외, 설계교과 면제",curriculum
qa_042,"2021년 기준, 졸업논문이나 졸업작품 심사를 받지 않고 면제받을 수 있는 기준이 학과 내규에 따로 있나요?","네, 학과 심의를 통과한다는 전제하에 전국규모 공모전에서 입상하거나, 전국규모 학회에 논문을 발표 또는 게재한 경우에는 졸업작품 심사를 통과한 것으로 인정받을 수 있습니다.",2021,2021_cr.pdf,"졸업논문 면제, 공모전 입상, 학회 논문 발표",curriculum
qa_043,"2021년 기준, 복수전공(융합전공/연계전공)으로 이 학과를 이수할 때와 부전공으로 이수할 때 필요한 전공 학점의 차이가 어떻게 되나요?","연계전공이나 융합전공으로 이수할 때는 전공 학점을 최소 45학점 이상 취득해야 하며, 부전공으로 이수할 때는 최소 70학점 이상을 이수해야 합니다.",2021,2021_cr.pdf,"융합전공 최소학점, 부전공 이수학점",curriculum
qa_044,"2021년 기준, 졸업을 하기 위해 4년 동안 채워야 하는 총 최소 이수 학점은 얼마인가요?","단일전공, 복수전공, 부전공 등 이수 유형과 관계없이 모든 학생은 졸업 최소 이수 학점인 총 130학점 이상을 취득해야 졸업이 가능합니다.",2021,2021_cr.pdf,"졸업최소 이수학점, 총 취득학점",curriculum
qa_045,"2021년 기준, 프로그래밍 수업이 학년별로 많던데, 기초를 안 배우고 바로 '메디컬 앱 프로그래밍 실무' 같은 과목을 수강할 수 있나요?","불가능합니다. 선·후수 규칙에 따라 [기초프로그래밍] 그룹(AI 프로그래밍기초, AI 프로그래밍실습, 데이터사이언스를 위한 파이썬) 중 최소 2과목 이상을 이수해야만 [응용프로그래밍] 그룹에 속한 실무 및 기초 과목을 수강할 수 있습니다.",2021,2021_cr.pdf,"선후수 규칙, 기초프로그래밍, 응용프로그래밍",curriculum
qa_046,"2021년 기준, 전공 과목 중에서 이론 강의 없이 오직 실습 시수로만 100% 채워져서 운영되는 기초 코딩 과목이 있나요?","1학년 1학기에 개설되는 AI 프로그래밍실습 과목의 경우, 이론 시수 없이 주당 실습 4시간으로만 편성되어 완전히 실전 실습 중심으로 운영됩니다.",2021,2021_cr.pdf,"AI 프로그래밍실습, 실습 시수",curriculum
qa_047,"2021년 기준, 고학년 과정인 'AI 캡스톤디자인'이나 'AI 프로젝트' 같은 과목들을 듣고 싶은데, 아무 때나 신청해서 들을 수 있나요?","아닙니다. 엄격한 설계 교과 규칙이 적용되어, [기초설계] 과목 중 1과목 이상을 먼저 이수해야 [전공설계]를 들을 수 있고, [기초설계+전공설계] 과목을 통틀어 총 4과목 이상 이수한 상태여야만 최종 단계인 종합설계와 [융합설계](AI 프로젝트) 과목들을 수강할 수 있습니다.",2021,2021_cr.pdf,"AI캡스톤디자인, AI 프로젝트 수강조건, 설계 이수체계",curriculum
qa_048,"2021년 기준, 3학년 학기 중에 인공지능 핵심 분야인 이미지, 소리, 텍스트 데이터를 모두 다루게 되나요?","네, 3학년 1학기에 딥러닝 영상처리와 딥러닝 음성인식을 배우고, 이어서 3학년 2학기에 딥러닝자연어처리를 배우므로 이미지, 오디오, 텍스트 전 분야의 딥러닝 기술을 순차적으로 학습하게 됩니다.",2021,2021_cr.pdf,"딥러닝 영상처리, 음성인식, 자연어처리",curriculum
qa_049,"2021년 기준, 4학년 교육과정에서 컴퓨터가 스스로 최적의 행동 양식을 학습하게 만드는 핵심 AI 알고리즘을 다루는 전공 과목의 명칭은 무엇인가요?",4학년 1학기에 개설되어 있는 3학점짜리 전공 선택 과목인 강화학습 교과목을 통해 해당 알고리즘을 집중적으로 학습하게 됩니다.,2021,2021_cr.pdf,"강화학습, 4학년 전공",curriculum
qa_050,"2021년 기준, 인공지능 기술 외에 실제 의료 현장의 시스템 데이터 구조를 깊이 있게 다루는 메디컬 분석 과목들은 구체적으로 어떤 것들이 개설되나요?","2학년 2학기의 EMR데이터분석, 3학년 2학기의 Clinical Data Warehouse분석, 그리고 4학년 1학기의 의료영상데이터분석 등이 유기적으로 연결되어 개설됩니다.",2021,2021_cr.pdf,"EMR데이터분석, Clinical Data Warehouse분석, 의료영상데이터분석",curriculum
qa_051,"2021년 기준, 컴퓨터공학과가 아닌 '의료인공지능학과'에서 개론 수업을 들으면 일반적인 AI 빅테크 외에 어떤 구체적인 의료 혁신 사례들을 배우게 되나요?","의료인공지능 개론에서는 퀴즈쇼에서 승리한 뒤 상용화된 IBM Watson의 의료 분야 적용 사례(Watson for Oncology 등)나 X-ray, MRI, CT 등 의료영상에서 암세포를 찾아내 국내 식약처 의료기기로 등록된 솔루션 등 실제 의료 현장의 실례를 배웁니다.",2021,2021_cr.pdf,"의료인공지능 개론, IBM Watson, 의료영상 암세포 검출",curriculum
qa_052,"2021년 기준, 수학적 베이스가 많이 부족한 편인데, 'AI를 위한 기초수학 및 통계' 과목에서는 정확히 어떤 수학적 개념들을 다루며 프로그램 툴은 무엇을 쓰나요?","기초수학으로는 벡터, 행렬, 미분, 적분을 다루고 확률분포와 통계적 추론(선형회귀, 교차검증)을 학습합니다. 사전 작업을 줄이기 위해 '파이썬' 언어를 기반으로 하며 '주피터 노트북' 편집기를 툴로 사용하여 눈으로 결과를 확인하며 배웁니다.",2021,2021_cr.pdf,"AI를 위한 기초수학 및 통계, 벡터와 행렬, 주피터 노트북",curriculum
qa_053,"2021년 기준, AI를 위한 알고리즘' 과목의 개요를 보면 난이도가 어떻게 전개되나요? 코딩 초보자도 따라갈 수 있도록 맞춤형 학습이 가능한가요?","로지스틱 회귀, 랜덤 포레스트 같은 전통적인 머신러닝 알고리즘의 기초부터 시작하여 최신 기술인 GANs 및 강화학습까지 차례대로 전개됩니다. 학생들의 필요와 역량에 따라 주제 및 난이도별로 골라 읽는 방식으로 학습할 수 있도록 유연하게 강의가 구성됩니다.",2021,2021_cr.pdf,"AI를 위한 알고리즘, 로지스틱 회귀, GANs, 난이도별 학습",curriculum
qa_054,"2021년 기준, 의료 Chatbot(HCI)' 과목은 교육과정 상 몇 학년 코스에 배치되어 있으며 주로 어떤 소통 기술을 연구하게 되나요?","4학년 2학기 과정에 배치되어 있으며, 인간과 컴퓨터의 상호작용(HCI)을 기반으로 의료 현장에서 활용 가능한 지능형 챗봇 및 대화형 인터페이스 설계 실무를 깊이 있게 다루게 됩니다.",2021,2021_cr.pdf,"의료 Chatbot(HCI), 4학년 2학기, 인간-컴퓨터 상호작용",curriculum
qa_055,"2021년 기준, 3학년에 개설된 '바이오유전체정보학' 과목의 개요를 보면 최근 데이터 생산량이 급증하고 있다고 하는데, 주된 교육 내용이 무엇인가요?","전장 유전체, 전사체, 단백체 등 대용량 염기서열 정보의 처리와 인간유전체 다양성 및 변수 네트워크 분석 등을 배웁니다. 생물학적 유전체 데이터 분석 역량을 키우는 융합형 학문입니다.",2021,2021_cr.pdf,"바이오유전체정보학, 유전체 데이터, 염기서열",curriculum
qa_056,"2021년 기준, 공학 전공자인데 '의학 및 병원용어'라는 보건 의료 과목을 굳이 왜 들어야 하나요? 이 과목의 최종 학습 목표가 무엇인가요?",의료기관 및 제약업계에서 요구하는 임상 의학 용어의 실제적인 사용 및 해독 능력을 갖추기 위함입니다. 필수적인 실무 용어를 숙지하여 향후 메디컬 AI 실무 환경에서 협업할 수 있는 기본 능력을 함양하는 것이 목표입니다.,2021,2021_cr.pdf,"의학 및 병원용어, 해독능력, 임상의약",curriculum
qa_057,"2021년 기준, 방학 때 학과 연계 '의료인공지능 현장실습'을 나가려고 합니다. 단기에 끝나는 과정과 한 학기 내내 나가는 장기 과정의 학점 차이가 어떻게 되나요?","하계/동계 방학을 이용하는 단기 현장실습은 기간에 따라 4학점 또는 8학점을 취득할 수 있으며, 3학년 1학기 등 정규 학기 중에 전일제로 참여하는 장기 실습은 12학점 또는 최대 15학점까지 취득할 수 있습니다.",2021,2021_cr.pdf,"의료인공지능현장실습, 학점 차이, 하계동계 실습",curriculum
qa_058,"2021년 기준, 국내 병원이나 기업 말고 글로벌 의료 AI 기획을 경험해보고 싶은데, 해외 현장실습 프로그램도 학점으로 공식 인정되나요?","네, 해외 실습 교과목이 별도로 개설되어 있습니다. 해외의료인공지능현장실습 과목을 통해 국내 실습과 동일하게 최소 4학점부터 방학 및 정규 학기 단위에 따라 최대 15학점까지 전공 학점으로 취득 가능합니다.",2021,2021_cr.pdf,"해외의료인공지능현장실습, 글로벌 학점 인정",curriculum
qa_059,"2021년 기준, 졸업을 하려면 교양필수 학점은 최소 몇 학점을 채워야 하며, 1학년 때 꼭 들어야 하는 글쓰기 과목의 명칭은 무엇인가요?","교양필수는 총 10학점 이상을 이수해야 하며, 1학년 1학기에 의사소통 영역인 비판적 사고와 글쓰기(2학점)를 필수로 이수해야 합니다.",2021,2021_cr.pdf,"교양필수 최소학점, 비판적 사고와 글쓰기",curriculum
qa_060,"2021년 기준, 교양필수 과목 중 '영어 I / II' 외에 중국어나 일본어를 선택해서 들을 수도 있나요? 특정 자격증이 있으면 수강을 면제받는 제도도 있나요?","네, 영어 외에 중국어나 일본어 중 동일 언어로 I, II를 선택해 들을 수 있습니다. 또한 중국어 신HSK 5급(180점 이상) 또는 일본어 JPT 700점 이상의 공인 성적 조건을 충족하면 수강하는 대신 다른 대체 교양 교과목으로 4학점을 선택 이수할 수 있습니다.",2021,2021_cr.pdf,"외국어 선택, 공인성적 대체교과 수강",curriculum
qa_061,"2021년 기준, 교양 이수 기준표에 나와 있는 '중점교양'은 몇 학점을 채워야 하며, 학과 특성상 특정 필수 지정 영역이 존재하나요?","중점교양은 총 10학점 이상을 취득해야 합니다. 이 중 학과 특성화 방향에 맞춘 4차 산업혁명 영역에서 4학점, 그리고 인문소양 영역에서 6학점을 각각 취득하여 기준을 만족해야 합니다.",2021,2021_cr.pdf,"중점교양, 4차 산업혁명 영역, 인문소양",curriculum
qa_062,"2021년 기준, 신입생 입학 직후나 1학년 학기 중에 학교 및 학과 적응, 기업가 정신을 기르기 위해 필수로 패스해야 하는 교양 지정 과목들은 어떤 것들이 있나요?","1학년 1학기에 동기유발(1학점)과 파트너십트레이닝 I(1학점)을 들어야 하며, 1학년 2학기에 파트너십트레이닝 II(1학점) 및 기업가정신과리더십(1학점)을 인성과 도전 영역의 필수 코스로 이수해야 합니다.",2021,2021_cr.pdf,"동기유발, 파트너십트레이닝, 기업가정신과리더십",curriculum
qa_063,"2021년 기준, 과거 초기 교과과정과 비교했을 때, 현재 개정안 교육과정 일람표에서 가장 핵심적으로 변화되거나 체계화된 설계 교육의 패러다임은 무엇인가요?","과거 단순 프로그래밍 나열식 구성에서 벗어나 설계 교육을 기초설계(창의도전설계) $\rightarrow$ 전공설계(AI융합설계, AI설계 및 프로젝트심화) $\rightarrow$ 융합설계(AI 프로젝트) $\rightarrow$ 종합설계(AI캡스톤디자인)의 4단계 체계적 파이프라인으로 전면 개정하여 연계성을 엄격하게 강화했습니다. ",2021,2021_cr.pdf,"교육과정 개정, 설계 파이프라인, 단계별 체계화",curriculum
qa_064,"2021년 기준, 초기 학과 신설 시점의 보건의료 교과와 비교하여, 최근 일부 개정안을 거치며 인공지능 실무 교육 트랙은 실제 병원 데이터와 어떻게 더 긴밀하게 연계되도록 고도화되었나요?","초기 기초 용어 습득 수준을 넘어 고학년 과정에 병원인공지능실무-1 및 병원인공지능실무-2를 연속적으로 배치함으로써, 실제 의료 현장의 의과대학 정보의학교실 대학원생들과 공동 연구 및 실무 프로젝트를 실시간으로 연계 수행할 수 있도록 개정 강화되었습니다.",2021,2021_cr.pdf,"일부 개정안, 병원인공지능실무, 공동 연구 연계",curriculum
qa_065,"2021년 기준, 과거 교과과정의 이수체계도 흐름과 비교해 볼 때, 최근 개정된 교육과정 연계도에서 '의산학' 트랙의 비중은 어떻게 달라졌나요?","과거에는 산학 연계가 단순 선택 사항이거나 4학년에 집중 배치되었던 반면, 개정된 체계도에서는 3학년 1학기부터 4학년 2학기까지 매 학기 AI 프로젝트 I, II, III, IV 과목이 의산학 축으로 고정 개설되어 끊김 없는 현장 중심 프로젝트 학습이 가능하도록 체계화되었습니다.",2021,2021_cr.pdf,"의산학 트랙, AI 프로젝트 연속 개설, 연계도 변화",curriculum
qa_066,"2021년 기준, 의료인공지능학과 학생회에서 주최하는 정기 학술제나 인공지능 개발 동아리의 종류, 그리고 학생회비 납부 금액과 이용 내역은 어떻게 되나요?","제공된 학과 교육과정 및 내규 자료는 교과목 일람표, 이수체계도, 졸업을 위한 학점 이수 요건 등의 공식 교육과정 정보만을 담고 있어 동아리 정보나 학생회 운영 관련 사항은 안내되어 있지 않습니다.",2021,2021_cr.pdf,"자료에 없음, 동아리 정보, 학생회비",curriculum
qa_067,"2021년 기준, 1학년 전공 필수인 'AI 프로그래밍기초' 수업의 중간고사와 기말고사 시험 방식이 '오픈북'인지 궁금하고, 분반별 담당 교수님의 성함은 어떻게 되나요?","해당 교과목의 학점, 시수, 대략적인 교육 목적 등의 개요는 자료에 명시되어 있으나, 구체적인 시험 운영 방식(오픈북 여부)이나 학기별 담당 교수님의 성함 및 분반 정보는 자료에서 확인할 수 없습니다.",2021,2021_cr.pdf,"자료에 없음, 시험 방식, 담당 교수 성함",curriculum
qa_068,"2021년 기준, 졸업 후 대학원 장학금 지원 혜택이나 건양대학교 병원 취업 시 가산점 부여 제도, 그리고 연계된 인공지능 기업들의 인턴십 급여 수준은 어떻게 되나요?","제공된 자료는 학부 졸업 요건과 전공 교과 구조에 대한 내규 문서이므로, 대학원 진학 시의 장학 혜택, 연계 병원 취업 가산점 규칙, 인턴십 참여 시 지급되는 구체적인 급여(지급액) 등의 대외적인 보상 조건은 포함되어 있지 않습니다.",2021,2021_cr.pdf;week11_crawling_final.csv;ai_department_week11_crawling_with_ocr (1).csv,"자료에 없음, 취업 가산점, 인턴십 급여 수준",curriculum
qa_069,"2022년 기준, 단일전공으로 졸업하려면 총 몇 학점을 채워야 하고, 그중 전공 학점은 최소 몇 학점 이상이어야 하나요?",단일전공 기준 총 졸업 이수 학점은 130학점 이상입니다. 이 중 전공 과목은 전공설계 20학점을 포함하여 최소 90학점 이상을 채워야 졸업이 가능합니다.,2022,2022_cr.pdf,"졸업이수학점, 최소전공학점, 단일전공",curriculum
qa_070,"2022년 기준, 복수전공을 신청하게 되면 의료인공지능학과 전공 학점 이수 기준이 어떻게 바뀌나요?","복수전공을 이수할 경우, 학과 전공 이수 기준이 기존 90학점에서 45학점(설계 9학점 포함) 이상으로 완화됩니다.",2022,2022_cr.pdf,"복수전공, 전공이수기준, 설계학점",curriculum
qa_071,"2022년 기준, 부전공으로 의료인공지능학과를 선택한 타 과 학생은 몇 학점을 들어야 하나요?","부전공 이수자는 의료인공지능학과 전공 과목을 최소 21학점 이상 이수해야 합니다. 단, 부전공은 전공설계 학점 이수 의무가 없습니다.",2022,2022_cr.pdf,"부전공, 부전공학점, 타과생",curriculum
qa_072,"2022년 기준, 4학년 때 치러지는 졸업작품 심사를 면제받을 수 있는 공식적인 기준이 있나요?","네, 다음 두 가지 조건 중 하나를 충족하고 학과 심의를 통과하면 면제됩니다. 첫째, 전국규모 공모전에서 입상한 경우, 둘째, 전국규모 학회에 논문을 발표하거나 게재한 경우입니다.",2022,2022_cr.pdf,"졸업작품면제, 공모전입상, 학회논문",curriculum
qa_073,"2022년 기준, 다부전공을 하지 않고 단일전공만 하는 학생인데, '설계 20학점'을 채우려면 학과에 개설된 설계 과목을 다 들어야 하나요?","교육과정표에 * 표시가 된 필수 설계 교과목(창의도전설계, AI융합설계, AI프로젝트, AI캡스톤디자인 시리즈)을 빠짐없이 이수하면 총 20학점의 설계 학점을 정확히 충족할 수 있습니다.",2022,2022_cr.pdf,"전공설계학점, 필수설계, 단일전공이수",curriculum
qa_074,"2022년 기준, 연계전공을 이수하는 학생의 경우 의료인공지능학과 전공 학점은 얼마나 이수해야 합니까?",연계전공 이수자는 의료인공지능학과 전공을 최소 39학점(설계 9학점 포함) 이상 이수하여야 졸업 자격이 주어집니다.,2022,2022_cr.pdf,"연계전공, 연계전공학점, 설계학점수",curriculum
qa_075,"2022년 기준, 1학년 때 배우는 '창의도전설계'와 4학년 때 배우는 'AI캡스톤디자인'의 설계 단계 분류는 어떻게 다른가요?","1학년 '창의도전설계 I, II'는 가장 기초적인 기초설계 단계이며, 4학년 'AI캡스톤디자인 I, II'는 이수 기술을 총망라하는 최고 단계인 종합설계로 분류됩니다.",2022,2022_cr.pdf,"기초설계, 종합설계, 단계별설계",curriculum
qa_076,"2022년 기준, 학과 커리큘럼 중 2학년과 3학년에 배치된 'AI융합설계'와 'AI 프로젝트'는 설계 학점 상 어떤 단계에 속하나요?","두 과목(AI융합설계 I·II, AI 프로젝트 I·II)은 모두 중간 단계인 요소설계에 해당합니다. 2학년 때는 2학점씩, 3학년 때는 3학점씩 배정되어 있습니다.",2022,2022_cr.pdf,"요소설계, AI융합설계, AI프로젝트",curriculum
qa_077,"2022년 기준, 데이터 분석이나 통계 역량을 기르고 싶은데, 2학년 과정 중 관련된 전공 과목은 무엇이 있나요?",2학년 1학기에 개설되는 'AI를 위한 확률 및 통계'와 2학년 2학기에 개설되는 '의료빅데이터 개론'을 통해 데이터 분석 및 기초 통계 역량을 기를 수 있습니다.,2022,2022_cr.pdf,"확률및통계, 의료빅데이터, 데이터역량",curriculum
qa_078,"2022년 기준, 프로그래밍 언어 자체를 깊게 다루는 전공 과목은 몇 학년에 주로 배치되어 있나요?","1학년 1학기 '파이썬 프로그래밍 기초', 1학기 'C-프로그래밍 기초', 1학년 2학기 '고급 파이썬 프로그래밍', '고급 C-프로그래밍' 등 주로 1학년 과정에 집중 배치되어 기초를 다집니다.",2022,2022_cr.pdf,"프로그래밍기초, 파이썬, C언어",curriculum
qa_079,"2022년 기준, 의료인공지능학과인 만큼 의학 기초 지식도 배우나요? 배운다면 학년과 과목명이 어떻게 되나요?","네, 배웁니다. 1학년 2학기에 '의학용어 및 해부생리학 기초' 과목이 전공 선택으로 개설되어 의료 도메인 지식을 쌓을 수 있도록 돕고 있습니다.",2022,2022_cr.pdf,"의학용어, 해부생리학, 의료도메인",curriculum
qa_080,"2022년 기준, 인공지능의 핵심인 '딥러닝'과 '머신러닝'은 각각 몇 학년 때 배우도록 계통도가 짜여 있나요?","머신러닝은 2학년 2학기에 먼저 개설되어 이론적 기초를 다지며, 이를 바탕으로 한 심화 과정인 딥러닝은 3학년 1학기에 배우도록 연계되어 있습니다.",2022,2022_cr.pdf,"머신러닝, 딥러닝, 이수계통",curriculum
qa_081,"2022년 기준, AI를 위한 알고리즘' 수업에서는 정확히 무엇을 배우며, 어떤 전공 역량을 키울 수 있나요?","인공지능 모델 개발에 필요한 알고리즘 설계 방법 및 기본 이론을 다루며, 학과가 지정한 '창의역량'을 키우는 것을 목표로 합니다.",2022,2022_cr.pdf,"알고리즘, 인공지능모델, 창의역량",curriculum
qa_082,"2022년 기준, 3학년에 있는 '메디컬 앱 프로그래밍 기초' 개요를 보면 JSP만 배우나요? 최근 트렌드와 맞는지 궁금합니다.","아닙니다. 단순 JSP에 한정하지 않고 현재의 동적인 웹 개발 환경에 맞추어 서블릿(Servlet)과 JSP를 기본으로 하되 최신 웹 개발 필요 기술들을 함께 설명하며, '실무개발역량'을 집중적으로 함양합니다.",2022,2022_cr.pdf,"메디컬앱프로그래밍, 서블릿, 실무개발역량",curriculum
qa_083,"2022년 기준, AI융합설계 I' 과목의 주요 목표와 이 과목이 지향하는 인재상은 무엇인가요?",의료 AI 시대의 처리 기술 지식을 습득해 인공지능 설계 전문가로서 자질을 기르는 과목입니다. 현업 문제를 해결하고 새로운 비즈니스 가치를 창출하는 '창조적 융합형 인재' 양성을 목표로 합니다.,2022,2022_cr.pdf,"AI융합설계, 창조적융합형인재, 비즈니스가치",curriculum
qa_084,"2022년 기준, 의료영상처리'와 '메디컬 컴퓨터비전' 개요의 차이점은 무엇인가요?","두 과목 모두 영상 분석을 다루지만, '의료영상처리'는 아날로그·디지털 영상의 기본 연산과 필터링, 압축 기술 등 기반 이론에 집중하고, '메디컬 컴퓨터비전'은 컴퓨터가 인간처럼 시각적 인지를 하도록 구현하는 인공지능 시각 모델 구현에 더 방점이 있습니다.",2022,2022_cr.pdf,"의료영상처리, 메디컬컴퓨터비전, 시각인지",curriculum
qa_085,"2022년 기준, 헬스케어 데이터분석' 과목에서는 어떤 도구나 역량을 중점적으로 다루나요?",병원 및 헬스케어 분야에서 발생하는 대규모 데이터를 분석하기 위해 오픈소스 분석 도구(R 또는 Python 등)의 활용법을 익히고 통계적 가설 검정 및 데이터 마이닝 기법을 통한 '문제해결역량'을 습득합니다.,2022,2022_cr.pdf,"헬스케어데이터, 데이터마이닝, 문제해결역량",curriculum
qa_086,"2022년 기준, 4학년에 개설되는 '병원인공지능 실무-1'의 수업 방식이나 대략적인 개요는 어떻게 되나요?","실제 병원 현장에서 사용되는 인공지능 기술의 적용 사례를 분석하고, 병원 의료정보시스템(EMR, PACS 등) 데이터와 AI 모델을 연동하는 실무 프로세스를 학습하여 현장 즉시 투입 가능한 실무 역량을 기르는 과목입니다.",2022,2022_cr.pdf,"병원인공지능실무, 의료정보시스템, 실무프로세스",curriculum
qa_087,"2022년 기준, 학과 커리큘럼에 '현장실습' 과목도 포함되어 있나요? 있다면 언제 나갈 수 있나요?","네, 주로 전공 역량이 갖춰진 3학년 여름/겨울방학 및 4학년 과정에 '메디컬AI 현장실습' 등의 형태로 개설되며, 실제 기업이나 병원 연구소에서 인턴십을 수행하며 학점을 인정받을 수 있습니다.",2022,2022_cr.pdf,"현장실습, 인턴십, 메디컬AI현장실습",curriculum
qa_088,"2022년 기준, 졸업을 위해 이수해야 하는 교양 최소 학점과 그중 교양필수는 몇 학점인가요?","교양 총 학점은 최소 30학점 이상 이수해야 하며, 그 안에는 대학에서 지정한 교양필수 13학점이 반드시 포함되어야 합니다.",2022,2022_cr.pdf,"교양총학점, 교양필수, 졸업교양학점",curriculum
qa_089,"2022년 기준, 배정된 '중점교양'은 몇 학점을 이수해야 하며, 주로 어떤 영역을 뜻하나요?","중점교양은 최소 10학점 이상 이수해야 합니다. 대학이 지정한 인문, 사회, 과학, 예술 등 핵심 역량 균형 발전을 위한 지정 영역별 교양 과목들을 의미합니다.",2022,2022_cr.pdf,"중점교양, 최소이수학점, 균형발전",curriculum
qa_090,"2022년 기준, 교양필수나 중점교양 학점이 부족하면 전공 학점을 100학점 이상 채우더라도 졸업이 불가능한가요?",그렇습니다. 총 학점(130학점)과 전공 기준(90학점)을 넘겼더라도 교양필수(13학점) 및 중점교양(10학점) 요건을 개별적으로 충족하지 못하면 졸업 탈락(수료) 처리됩니다.,2022,2022_cr.pdf,"교양요건미달, 졸업불가, 학점구조",curriculum
qa_091,"2022년 기준, 현장실습으로 취득한 학점은 전공 학점으로 인정되나요, 아니면 일반선택 학점으로 인정되나요?",학과 요람 및 심의에 따라 '전공선택' 학점으로 인정받을 수 있는 현장실습 과목들이 지정되어 있습니다. 다만 이수 전 학과 사무실을 통해 전공 인정 여부를 사전 확인해야 합니다.,2022,2022_cr.pdf,"현장실습학점인정, 전공선택, 사전승인",curriculum
qa_092,"2022년 기준, 1학년 때 교양필수 과목을 낙제(F학점)했습니다. 재이수 필수인가요?","네, '교양필수'는 말 그대로 졸업을 위해 무조건 패스해야 하는 과목이므로, F학점을 받았다면 다음 학기나 계절학기를 통해 반드시 재이수하여 P(Pass) 또는 학점을 취득해야 합니다.",2022,2022_cr.pdf,"교양필수재이수, F학점, 필수학점수득",curriculum
qa_093,"과거 교육과정과 비교했을 때, 2022년도 개정 교육과정에서 가장 두드러지게 강화된 메디컬 AI 학과의 특징은 무엇인가요?","과거에 비해 인공지능 설계 역량을 체계화하기 위해 학년별 설계 과목( 표시)이 1학년부터 4학년까지 연속성 있게 배치*되었으며, 의료 정보와 AI 알고리즘의 결합도가 한층 더 촘촘해진 점이 특징입니다.",2022,2022_cr.pdf,"교육과정개정, 설계과목강화, 연속성이수",curriculum
qa_094,"2021년도 이전에 입학한 학생이 휴학 후 복학하여 2022년 개정 교육과정을 적용받을 때, 기존에 들었던 과목과 매칭은 어떻게 확인하나요?","교육과정이 개정되면서 신설되거나 폐지된 과목이 있을 수 있으므로, 학과에서 제공하는 '신·구 교육과정 대비표'를 확인하여 동동과목 또는 대체인정 과목 지정을 전산으로 확인하고 수강신청해야 합니다.",2022,2022_cr.pdf,"신구대비표, 복학생, 교육과정변경",curriculum
qa_095,"2022년 기준, 연도별로 학과의 졸업 이수 기준 총 학점이 낮아지거나 변동되는 경우가 있나요?","대학 전체 학칙 개정에 따라 과거 학번(예: 140학점 시대)보다 최신 교육과정 기준 130학점으로 하향 조정되는 경향이 있습니다. 단, 본인의 '입학 학년도(학번)' 기준 요람을 따르는 것이 원칙이므로 복학 시 학과 확인이 필요합니다.",2022,2022_cr.pdf,"졸업학점변동, 입학학년도 기준, 학칙변경",curriculum
qa_096,"2022년 기준, 4학년 2학기 졸업 직전에 조기취업을 하게 되었습니다. 출석 일수가 모자라는데 전공 과목 학점을 인정받을 수 있는 학과 내 지침이나 구제 방법이 있나요?","해당 요람 자료에는 조기취업자 구제책이 명시되어 있지 않습니다. 이 경우 건양대학교 학칙 시행세칙의 '조기취업자 출석인정 및 성적부여 기준'에 따라 취업재직증명서, 고용보험가입이력서 등을 학과 및 교무처에 제출하여 승인을 받아야 하므로, 즉시 학과장님 면담을 신청해야 합니다.",2022,2022_cr.pdf,"자료에 없음, 조기취업, 출석인정, 학칙세칙",curriculum
qa_097,"2022년 기준, 타 대학 학점교류(교환학생 등)를 통해 이수한 인공지능 관련 과목을 우리 학과 전공설계 학점(20학점 필수) 중 일부로 대체 인정받을 수 있나요?","외부 대학 이수 과목은 일반 전공선택으로 인정받는 경우가 많으며, 졸업 필수 요건인 학과 고유의 '설계 학점'으로 직접 대체되는 것은 원칙적으로 매우 까다롭거나 불가능할 수 있습니다. 수강 전 학과 심의위원회에 '전공과목인정원'을 제출해 사전 승인을 받았는지 여부에 따라 결정됩니다.",2022,2022_cr.pdf,"자료에 없음, 학점교류, 전공대체인정, 설계학점대체",curriculum
qa_098,"2022년 기준, 졸업작품 심사 결과 '불합격' 판정을 받으면 바로 다음 달에 졸업이 불가능한가요? 구제 기회나 추가 수강 요건이 있는지 궁금합니다.","요람에는 낙제 시 재심사 절차가 기재되어 있지 않습니다. 통상적으로 학과 심사위원회 규칙에 따라 방학 중 1회에 한해 보완 후 재심사(2차 심사) 기회를 주기도 하나, 최종 탈락 시 졸업 학점을 다 채웠더라도 '수료' 상태가 되어 다음 학기(또는 다음 년도)에 졸업작품을 다시 제출해 통과해야 학위가 수여됩니다.",2022,2022_cr.pdf,"자료에 없음, 졸업작품불합격, 재심사, 수료상태",curriculum
qa_099,2023년 의료인공지능학과 단일전공자의 졸업 최소 이수학점은 몇 학점인가요?,단일전공자의 졸업 최소 이수학점은 130학점입니다.,2023,2023_cr.pdf,졸업최소 이수학점; 단일전공 학점; 130학점,curriculum
qa_100,"2023년 단일전공자가 이수해야 하는 1전공의 기준학점은 몇 학점이며, 그중 설계교과는 몇 학점이 포함되어 있나요?","2023년 단1전공 기준학점은 90학점이며, 여기에는 설계교과 20학점이 포함되어 있습니다.",2023,2023_cr.pdf,1전공 기준학점; 설계교과 학점; 90학점,curriculum
qa_101,"2023년 복수전공, 연계전공, 융합전공을 이수할 때 제1전공의 최소 이수 기준학점은 몇 학점인가요?",2023년 제1전공의 최소 이수 기준학점은 45학점입니다.,2023,2023_cr.pdf,복수전공 제1전공; 기준학점; 45학점,curriculum
qa_102,"2023년 의복수전공, 연계전공, 융합전공을 이수할 때 제2전공의 최소 이수 기준학점은 몇 학점인가요?",제2전공의 최소 이수 기준학점은 30학점입니다.,2023,2023_cr.pdf,복수전공 제2전공; 최소 이수학점; 30학점,curriculum
qa_103,"2023년 부전공을 이수하는 학생의 경우, 제1전공과 제2전공으로 각각 최소 몇 학점 이상 이수해야 하나요","제1전공은 70학점, 제2전공(부전공)은 18학점 이상 이수해야 합니다.",2023,2023_cr.pdf,부전공 이수기준; 제1전공 70학점; 제2전공 18학점,curriculum
qa_104,"2023년 단일전공, 복수전공, 부전공 등 모든 이수 유형에서 공통으로 요구되는 교양 필수와 교양 중점 학점은 각각 얼마인가요?","교양 필수는 13학점, 교양 중점은 10학점입니다.",2023,2023_cr.pdf,교양 필수 학점; 교양 중점 학점; 이수 기준,curriculum
qa_105,2023년 모든 전공 이수 유형에서 졸업을 위해 채워야 하는 교양 총학점은 몇 학점인가요?,교양 총학점은 30학점입니다.,2023,2023_cr.pdf,교양 총학점; 졸업 요건; 30학점,curriculum
qa_106,2023년 교육과정 표에서 괄호 ( ) 안에 표시된 학점은 무엇을 뜻하나요?,"괄호는 설계교과 학점을 의미하며, 단일전공자는 이를 필수적으로 이수해야 합니다.",2023,2023_cr.pdf,괄호 표시 학점; 설계교과; 필수 이수,curriculum
qa_107,2023년 설계교과 필수 이수 원칙에서 제외되는 대상은 누구인가요?,"편입생, 복수전공자, 연계전공자, 부전공자는 설계교과 필수 이수 대상에서 예외로 인정됩니다.",2023,2023_cr.pdf,설계교과 예외 대상; 편입생; 복수전공자,curriculum
qa_108,2023년 학과 내규에 따라 학위를 수여받기 위해 최종적으로 통과해야 하는 요건은 무엇인가요?,졸업작품 및 보고서를 제출하고 발표하여 심사에 통과해야 합니다.,2023,2023_cr.pdf,졸업요건; 졸업작품 제출; 보고서 심사,curriculum
qa_109,2023년 졸업작품을 제출할 수 있는 자격을 얻기 위한 학점 취득 조건은 무엇인가요?,학과 학점이수체계에 따라 졸업에 필요한 모든 학점을 취득예정이거나 해당 학기에 취득 완료 가능해야 합니다.,2023,2023_cr.pdf,졸업작품 제출자격; 학점 취득 예정; 이수체계,curriculum
qa_110,2023년 졸업관리에 관한 규정 제23조 1항에 의거하여 졸업작품 심사를 면제받고 통과한 것으로 인정되는 조건 중 공모전과 관련된 것은 무엇인가요?,전국규모 공모전에서 입상한 자 중 학과의 심의를 통과하면 인정받을 수 있습니다.,2023,2023_cr.pdf,졸업논문 면제; 전국규모 공모전; 입상자 심의,curriculum
qa_111,"2023년 기준, 졸업작품 심사를 면제받고 통과한 것으로 인정받을 수 있는 학회 관련 조건은 무엇인가요?",전국규모 학회에 논문을 발표하거나 게재한 자 중 학과의 심의를 통과하면 인정받을 수 있습니다.,2023,2023_cr.pdf,졸업작품 면제 조건; 전국규모 학회; 논문 발표 게재,curriculum
qa_112,2023년 1학년 1학기에 이수하도록 배정된 1학점짜리 교양필수 과목명은 무엇인가요?,ESG·지역사회 문제해결Ⅰ'입니다.,2023,2023_cr.pdf,1학년 1학기 교양필수; ESG·지역사회 문제해결Ⅰ; 1학점 과목,curriculum
qa_113,2023년 'ESG·지역사회 문제해결Ⅱ' 교과목의 이수 시기와 학점 및 시수(이론/실습)는 어떻게 되나요?,"1학년 2학기에 이수하며, 1학점에 이론 1시수(실습 없음)로 구성되어 있습니다.",2023,2023_cr.pdf,ESG·지역사회 문제해결Ⅱ; 1학년 2학기; 이론 1시수,curriculum
qa_114,"2023년 기준, 2학년 1학기에 의사소통 영역으로 개설되는 외국어 필수 교양 과목들은 무엇인가요?","영어Ⅰ, 중국어Ⅰ, 일본어Ⅰ이 개설됩니다.",2023,2023_cr.pdf,2학년 1학기 교양필수; 의사소통 영역; 영어Ⅰ 중국어Ⅰ 일본어Ⅰ,curriculum
qa_115,2023년 2학년 2학기에 의사소통 영역으로 이수해야 하는 필수 외국어 교과목 세 가지는 무엇인가요?,"영어Ⅱ, 중국어Ⅱ, 일본어Ⅱ가 있습니다.",2023,2023_cr.pdf,2학년 2학기 외국어; 영어Ⅱ; 중국어Ⅱ; 일본어Ⅱ,curriculum
qa_116,2023년 필수 외국어 교과목(영어 제외) 중 중국어 과목의 이수를 면제받기 위한 대체 인정 성적 기준은 무엇인가요?,신HSK 5급(180점) 이상을 취득하면 해당 교과 이수가 면제됩니다.,2023,2023_cr.pdf,중국어 이수 면제; 대체 인정 기준; 신HSK 5급,curriculum
qa_117,"2023년 외국어 교과목 면제 조건을 충족하여 이수가 면제될 경우, 면제로 인해 남은 교양 총 잔여 학점은 어떻게 채워야 하나요?",교양영역 내 교과목을 선택 이수하여 총학점을 충족하여야 합니다.,2023,2023_cr.pdf,외국어 면제 잔여학점; 교양영역 선택이수; 학점 충족,curriculum
qa_118,2023년 중점교양 과목인 '기업가정신과리더십'은 몇 학점이며 언제 개설되나요?,"1학점 과목이며, 2학년 1학기(창의융합캠퍼스)와 2학기(메디컬캠퍼스)에 개설됩니다.",2023,2023_cr.pdf,기업가정신과리더십; 중점교양 학점; 개설 학기,curriculum
qa_119,2023년 '나의 꿈과 미래 디자인' 과목의 이수 영역과 이수 학년/학기는 어떻게 구성되어 있나요?,"인성과 도전 영역의 중점교양 과목으로, 1학년 2학기에 이수합니다.",2023,2023_cr.pdf,나의 꿈과 미래 디자인; 인성과 도전; 1학년 2학기,curriculum
qa_120,2023년 4학년 1학기에 개설되는 인성과 도전 영역의 2학점짜리 중점교양 과목명은 무엇인가요?,사회진출 성공전략'입니다.,2023,2023_cr.pdf,4학년 1학기 교양; 사회진출 성공전략; 2학점 과목,curriculum
qa_121,"2023년 중점교양 과목 중 'DYT_뮤지컬댄스', 'DYT_뮤지컬보컬' 등의 문화예술/스포츠 관련 교과목들의 학점 수와 성적 평가 방식은 무엇인가요?","모두 1학점 과목이며, P/NP(Pass/Non-Pass) 방식으로 평가됩니다.",2023,2023_cr.pdf,문화예술 교양학점; P/NP 과목; 1학점 이수,curriculum
qa_122,2023년 1학년 1학기에 개설되는 실습 2시수의 문화예술 콘텐츠 제작 관련 중점교양 과목의 예시를 두 가지만 써주세요.,"DYT_숏폼영상제작', 'DYT_웹툰제작' 등이 있습니다.",2023,2023_cr.pdf,문화예술 교양과목; 숏폼영상제작; 웹툰제작,curriculum
qa_123,2023년 의료인공지능학과는 어떤 정부 부처의 계획에 의해서 신설되었나요?,2020년 교육부의 첨단분야학과 학생조정 계획에 따라 신설되었습니다.,2023,2023_cr.pdf;2022_cr.pdf;2025_cr.pdf,의료인공지능학과 신설; 교육부 계획; 첨단분야학과,curriculum
qa_124,2023년 의료인공지능학과 학생들은 의과대학의 어떤 교실 대학원생들과 공동 연구를 진행하나요?,의과대학 정보의학 교실의 의과대학원생들과 공동 연구를 진행합니다.,2023,2023_cr.pdf,정보의학교실; 의과대학원생 공동연구; 협력 프로그램,curriculum
qa_125,2023년 학과 소개에서 명시한 의료인공지능학과에서 중요하게 다루며 공부하는 주요 교과목 분야는 어떤 것들이 있나요?,"머신러닝, 신경망, 인지컴퓨팅, 컴퓨터 비전, 딥러닝, 의료기초 등이 있습니다.",2023,2023_cr.pdf,주요 교과목; 머신러닝; 컴퓨터 비전; 딥러닝,curriculum
qa_126,2023년 건양대학교 의료인공지능학과의 궁극적인 학부(과) 교육목적은 무엇인가요?,"의료인공지능 분야에 필요한 의학 및 공학기술을 연구, 개발하기 위해 최신의 기술을 습득하여 ""의료 인공지능 기술을 선도하는 창의 인재 양성""을 목적으로 합니다.",2023,2023_cr.pdf,학과 교육목적; 의학 및 공학기술 연구; 창의 인재 양성,curriculum
qa_127,2023년 의료인공지능학과의 교육목표 중 공학적 문제 해결과 관련된 내용은 무엇인가요?,"의료분야 및 인공지능 분야에 대한 전문지식을 바탕으로 공학적인 문제들을 분석, 설계 및 구현하는 능력을 배양하는 것입니다.",2023,2023_cr.pdf,교육목표; 전문지식 바탕; 공학적 문제 분석 설계 구현,curriculum
qa_128,2023년 필수 외국어 교과목(영어 제외) 중 일본어 과목의 이수를 면제받기 위한 대체 인정 성적 기준은 무엇인가요?,JPT 700점 이상 취득 시 해당 교과 이수가 면제됩니다.,2023,2023_cr.pdf,일본어 이수 면제; 대체 인정 성적; JPT 700점,curriculum
qa_129,"2024년 기준, 인공지능학과를 단일전공으로 졸업하려면 총 몇 학점을 채워야 하고, 그중 전공 학점은 최소 얼마 이상이어야 하나요?",단일전공 기준으로 졸업 최소 이수학점은 총 130학점입니다. 이 중 전공 1전공 학점은 최소 90학점 이상을 이수하셔야 졸업이 가능합니다.,2024,2024_cr.pdf,"졸업최소이수학점, 단일전공, 전공학점",curriculum
qa_130,"2024년 기준, 졸업할 때 무조건 졸업작품이나 보고서를 내고 발표까지 통과해야 하나요? 혹시 면제받을 수 있는 기준이 따로 있나요?","네, 기본적으로 졸업작품 및 보고서를 제출하고 발표와 심사를 통과해야 합니다. 다만, 전국규모 공모전에서 입상하거나 전국규모 학회에 논문을 발표 또는 게재하여 학과의 심의를 통과한 경우에는 졸업작품 심사가 면제됩니다.",2024,2024_cr.pdf,"졸업요건, 졸업작품 면제, 학회 논문",curriculum
qa_131,"2024년 기준, 전공 일람표를 보니까 일부 전공과목 옆에 별표 (*) 기호가 붙어있던데, 이게 무슨 의미인가요? 단일전공자는 다 들어야 하나요?","2024 교육과정 기준 단일전공자는 전공 90학점 중 설계교과 20학점을 필수로 이수해야 합니다. 설계교과는 창의도전설계, AI융합설계, AI 프로젝트, AI캡스톤디자인 등 비고에 기초설계·전공설계·융합설계·종합설계로 표시된 과목들입니다. 편입생, 복수전공, 연계전공, 부전공자는 설계교과 필수 이수 예외로 적용됩니다.",2024,2024_cr.pdf,"2024 설계교과 20학점, 단일전공자, 예외 규정",curriculum
qa_132,"2024년 기준, 제가 이번에 인공지능학과로 복수전공(또는 연계/융합전공)을 신청하려고 하는데, 이 경우 전공 학점은 얼마나 채워야 하나요?","인공지능학과를 복수전공, 연계전공, 융합전공으로 이수할 경우, 제1전공과 제2전공(인공지능학과) 기준학점을 각각 45학점, 30학점 이상 이수하셔야 합니다.",2024,2024_cr.pdf,"복수전공, 융합전공, 기준학점  ",curriculum
qa_133,"2024년 기준, 부전공으로 인공지능학과를 선택하면 이수해야 하는 전공 학점 기준이 어떻게 되나요? 복수전공이랑 다른가요?","부전공으로 이수하시는 경우에는 제1전공 70학점 이상, 부전공(인공지능학과) 18학점 이상을 이수하셔야 합니다. 복수전공(45/30학점)에 비해 인공지능학과 이수 기준 학점(18학점)이 더 적습니다.",2024,2024_cr.pdf,"부전공 학점, 이수기준, 제1전공",curriculum
qa_134,"2024년 기준, 졸업작품(캡스톤디자인 등)을 제출하고 심사를 받으려면 학점 기준이나 신청 자격이 따로 정해져 있나요?","학과 제시 학점이수체계에 따라 졸업에 필요한 모든 학점을 이미 취득했거나, 해당 학기에 모든 학점을 취득 완료할 수 있는 예정자여야만 졸업작품 제출 자격이 주어집니다.",2024,2024_cr.pdf,"졸업작품 제출자격, 학점이수완료, 취득예정자",curriculum
qa_135,"2024년 기준, 졸업학점 130학점 중에서 교양 학점은 총 몇 학점을 들어야 졸업 요건이 충족되나요?","2024 교육과정에서 교양총학점은 30학점입니다. 세부 기준은 교양필수 13학점, 중점교양 10학점이며, 졸업 최소 이수학점은 130학점입니다.",2024,2024_cr.pdf,"2024 교양총학점 30학점, 교양필수 13학점, 중점교양 10학점",curriculum
qa_136,"2024년 기준, 인공지능학과에 개설된 교과목 중에서 '종합설계'로 분류되어 실질적인 졸업 프로젝트 역할을 하는 4학년 과목은 무엇인가요?",4학년 1학기에 개설되는 AI캡스톤디자인 I과 4학년 2학기에 개설되는 AI캡스톤디자인 II가 종합설계 교과목에 해당합니다.,2024,2024_cr.pdf,"종합설계, AI캡스톤디자인, 4학년 전공",curriculum
qa_137,"2024년 기준, 개발자나 엔지니어로 취업하고 싶은데, 인공지능학과 커리큘럼상 프로그래밍 실력을 직접 기를 수 있는 코딩 실습 과목들은 몇 학년에 배치되어 있나요?","1학년에 AI 프로그래밍실습, AI 프로그래밍기초, 데이터사이언스를 위한 파이썬이 있고, 2학년에 데이터베이스 프로그래밍, 앱 프로그래밍 기초, 앱 프로그래밍 실무 등이 배치되어 있어 저학년 때부터 집중적인 코딩 역량을 키우게 됩니다.",2024,2024_cr.pdf,"프로그래밍 실습, 코딩 과목, 학년별 커리큘럼",curriculum
qa_138,"2024년 기준, 수학을 잘 못하는 수포자 학생입니다. 인공지능학과는 수학을 많이 쓴다고 하던데 기초 수학이나 이론을 다루는 전공과목은 언제 배우나요?",너무 걱정하실 필요 없습니다. 2학년 1학기에 AI를 위한 기초수학 및 통계 과목이 개설되어 인공지능 모델링과 데이터 분석에 필요한 기초 체력을 다질 수 있습니다.,2024,2024_cr.pdf,"AI 기초수학, 통계학, 2학년 전공",curriculum
qa_139,"2024년 기준, 학과 취업로드맵을 보니 전공 분야가 두 갈래로 나뉘어 있는 것 같은데, 각각 어떤 분야로 매트릭스가 짜여 있나요?",인공지능학과는 '공통/연계 전공분야'와 특성화된 '의료인공지능분야'의 두 가지 축으로 교육과정 연계도가 구성되어 있습니다.,2024,2024_cr.pdf;2021_cr.pdf;2022_cr.pdf;2023_cr.pdf;2025_cr.pdf,"취업로드맵, 연계 전공, 의료인공지능",curriculum
qa_140,"2024년 기준, 학과 커리큘럼 중에서 딥러닝(Deep Learning)을 집중적으로 다루는 심화 전공 과목들은 주로 몇 학년에 개설되나요?","2024 교육과정에서는 3학년 1학기에 딥러닝 영상처리, 3학년 2학기에 딥러닝 생체신호의 처리 과목이 배치되어 있습니다. 또한 2학년 2학기에는 기계학습, 4학년에는 강화학습과 AI Chatbot(HCI), 생체신호데이터분석 등이 이어져 인공지능 심화 흐름을 구성합니다.",2024,2024_cr.pdf,"딥러닝 영상처리, 딥러닝 생체신호의 처리, 기계학습, 강화학습",curriculum
qa_141,"2024년 기준, 학과 특성화 분야인 '의료인공지능' 관련 지식을 쌓고 싶은데, 학년별로 연계되는 의료 전공 로드맵이 어떻게 되나요?","1학년 의료인공지능 개론, 의학 및 병원용어 $\rightarrow$ 2학년 인체의 구조와 기능, EMR데이터분석 $\rightarrow$ 3학년 바이오유전체정보학, Clinical Data Warehouse 분석 $\rightarrow$ 4학년 의료영상데이터분석, 생체신호데이터분석 순으로 체계적으로 연계됩니다.",2024,2024_cr.pdf,"의료인공지능 로드맵, EMR데이터분석, 바이오유전체",curriculum
qa_142,"2024년 기준, 1학년에 배우는 AI 프로그래밍기초 과목은 정확히 어떤 프로그래밍 언어를 다루고, 독학하는 사람도 따라갈 수 있는 수준인가요?",프로그래밍 언어를 처음 배우는 입문자나 파이썬(Python)을 배우려는 입문자를 대상으로 합니다. 혼자서도 충분히 파이썬 프로그래밍을 할 수 있도록 막연한 두려움을 없애주는 기초 역량 강화 과목입니다.,2024,2024_cr.pdf,"AI 프로그래밍기초, 파이썬 입문, 교과목 개요",curriculum
qa_143,"2024년 기준, 2학년 때 개설되는 AI를 위한 알고리즘 과목의 주요 교육 내용과 이를 통해 기를 수 있는 역량은 무엇인가요?",인공지능 모델 개발에 필수적인 알고리즘 설계 방법 및 기본 이론을 배웁니다. 다양한 인공지능 알고리즘의 종류와 특성을 이해하고 이를 직접 구현할 수 있는 실무 역량을 키웁니다.,2024,2024_cr.pdf,"알고리즘 설계, 인공지능 모델 개발, 구현 역량",curriculum
qa_144,"2024년 기준, 데이터사이언스를 위한 파이썬 교과목에서는 일반 파이썬 기초 문법 외에 데이터 분석과 관련해 어떤 실무를 다루게 되나요?",데이터 사이언티스트의 역할 이해를 바탕으로 정형/비정형 데이터를 통계적으로 분석하고 모형을 구축하는 기법을 배웁니다. 데이터에서 의미 있는 패턴이나 규칙을 탐색하고 유용한 지식을 추출하는 일련의 과정을 실습합니다.,2024,2024_cr.pdf,"데이터사이언스, 통계적 분석, 모형 구축",curriculum
qa_145,"2024년 기준, 클라우드컴퓨팅 과목을 수강하면 취업할 때 어떤 기술적 배경을 갖춘 인재로 성장할 수 있나요?","최신 IT 생태계의 기반이 되는 클라우드 컴퓨팅의 개념, 유형, 핵심 기술을 배웁니다. 다양한 클라우드 아키텍처를 상세히 학습하여 클라우드 환경으로 전환할 수 있는 '최신 IT 인프라 전문가'로서의 역량을 갖추게 됩니다.",2024,2024_cr.pdf,"클라우드컴퓨팅, IT 인프라, 아키텍처",curriculum
qa_146,"2024년 기준, 2학년 전공인 앱 프로그래밍 실무에서는 어떤 개발 툴(IDE)과 프로그래밍 언어를 사용해 프로젝트를 진행하나요?",안드로이드 스튜디오(Android Studio) 환경에서 코틀린(Kotlin) 언어를 활용하여 앱 크로딩 실습을 진행합니다. 이를 통해 안드로이드 앱을 편하고 빠르게 개발할 수 있는 실무 능력을 기릅니다.,2024,2024_cr.pdf,"앱 프로그래밍 실무, 안드로이드 스튜디오, 코틀린",curriculum
qa_147,"2024년 기준, 3학년 전공 과목인 딥러닝영상처리 과목에서 핵심적으로 다루는 신경망 구조나 모델 알고리즘은 무엇인가요?","이미지의 특징을 효과적으로 추출하는 데 특화된 알고리즘인 CNN(Convolutional Neural Network, 합성곱 신경망) 모델에 대해 집중적으로 배웁니다. 이론 학습과 함께 강아지와 고양이를 구분하는 등의 실무 예제를 스스로 구현해 보는 과정을 포함합니다.",2024,2024_cr.pdf,"딥러닝영상처리, CNN 모델, 이미지 특징 추출",curriculum
qa_148,"2024년 기준, 3학년 때 나갈 수 있는 '의료인공지능현장실습'은 학점 종류가 여러 개던데, 한 학기나 방학 동안 최대로 인정받을 수 있는 학점은 얼마인가요?",2024 교육과정의 현장실습 과목표에는 3학년 하계·동계 과정으로 의료인공지능현장실습4와 의료인공지능현장실습8이 제시되어 있습니다. 따라서 해당 표 기준 방학 현장실습은 4학점 또는 8학점 과정으로 확인됩니다.,2024,2024_cr.pdf,"의료인공지능현장실습4, 의료인공지능현장실습8, 하계 동계, 3학년",curriculum
qa_149,"2024년 기준, 인공지능학과 학생이 해외로 인턴십이나 실습을 나가는 '해외의료인공지능현장실습' 과목도 실제로 개설되어 있나요? 개설된다면 몇 학년 때 가능한가요?","네, 2024 교육과정에는 3학년 하계·동계 과정으로 해외의료인공지능현장실습4와 해외의료인공지능현장실습8이 개설되어 있습니다. 해당 표 기준으로 해외 현장실습은 4학점 또는 8학점 과정으로 확인됩니다.",2024,2024_cr.pdf,"해외의료인공지능현장실습4, 해외의료인공지능현장실습8, 3학년, 하계 동계",curriculum
qa_150,"2024 교육과정의 교양필수와 중점교양은 각각 몇 학점이며, 대표 교양필수 과목에는 무엇이 있나요?","2024 교육과정에서 교양필수는 13학점, 중점교양은 10학점입니다. 교양필수에는 비판적 사고와 글쓰기, 외국어 선택 과목, ESG 지역사회 문제해결 I·II, 기업가정신과리더십, 나의 꿈과 미래 디자인, 사회진출 성공전략, DYT 계열 선택 교과 등이 포함됩니다.",2024,2024_cr.pdf,"교양필수 13학점, 중점교양 10학점, ESG 지역사회 문제해결, DYT",curriculum
qa_151,2024 교육과정의 중점교양은 어떤 영역으로 구성되어 있고 몇 학점을 이수해야 하나요?,2024 교육과정의 중점교양은 4차 산업혁명 영역 4학점과 인문소양 영역 6학점으로 총 10학점입니다. 휴머니티칼리지 교육과정 중 중점교양 교과목 일람표를 참조하여 각 영역별 기준 학점을 취득해야 합니다.,2024,2024_cr.pdf,"중점교양 10학점, 4차 산업혁명 4학점, 인문소양 6학점",curriculum
qa_152,"2024년 기준, 교양 필수 과목 중에 ESG·지역사회 문제해결 과목은 몇 학년 때 이수하도록 타이밍이 지정되어 있나요?","1학년 정규 학기에 지정되어 있습니다. 1학년 1학기에는 ESG 지역사회 문제해결 I, 1학년 2학기에는 ESG·지역사회 문제해결 II를 각각 1학점씩 의무적으로 수강해야 합니다.",2024,2024_cr.pdf,"ESG 지역사회 문제해결, 1학년 교양필수, 지역사회",curriculum
qa_153,"2024년 기준, 인성과 도전 영역의 DYT(Do Yourself Trust) 교양 과목들은 종류가 엄청 많던데, 졸업할 때까지 몇 과목이나 골라서 들어야 하나요?",2024 교육과정에서 인성과 도전 영역의 DYT 계열 교과는 1과목을 선택 이수하는 P/NP 과목으로 제시됩니다.,2024,2024_cr.pdf,"DYT, 1과목 선택 이수, P/NP",curriculum
qa_154,"우리 학과의 명칭이 2024년도에 '인공지능학과'로 변경된 것으로 아는데, 학과 개편이 이루어진 구체적인 배경이나 이적 이유가 무엇인가요?",급증하는 범용 목적의 AI 기술 수요와 산업계의 실무적인 요구(산업 수요)에 더 유연하고 긴밀하게 맞추기 위하여 2024년도에 기존 의료인공지능학과에서 '인공지능학과'로 전격 개편되었습니다.,2024,2024_cr.pdf;week11_crawling_final.csv;ai_department_week11_crawling_with_ocr (1).csv;2025_cr.pdf,"학과개편 배경, 인공지능학과, 산업수요",curriculum
qa_155,"2024년 기준, 학과가 인공지능학과로 개편되면서 졸업 후 진출할 수 있는 취업 분야나 직무 외연이 어떻게 확장되었나요?","기존의 의료 AI 전문가 영역을 확고히 유지하면서도, AI 프로그래머, 데이터 과학자, 로봇 기술자, 로보틱프로세스 자동화(RPA) 전문가, 증강현실(AR)/가상현실(VR) 개발자 등 신산업 전반의 융합 인공지능 분야로 진로가 크게 넓어졌습니다.",2024,2024_cr.pdf;week11_crawling_final.csv;ai_department_week11_crawling_with_ocr (1).csv;2025_cr.pdf,"졸업 후 진로, 취업 분야 확장, 신산업 AI",curriculum
qa_156,"2024년 기준, 인공지능학과 전공 수업 중에서 중간고사나 기말고사를 필기시험 대신 깃허브(GitHub) 소스코드 제출이나 팀 프로젝트 결과물 발표로 100% 대체하는 과목의 명단은 어떻게 되나요?","제공된 2024년도 교육과정 요람 및 매트릭스 자료에는 각 교과목의 세부 성적 평가 방식(필기시험 비율, 프로젝트 대체 여부 등)에 대한 세부 정보가 포함되어 있지 않습니다.",2024,2024_cr.pdf,"자료에 없음, 성적평가 방식, 깃허브 대체, 프로젝트 성적",curriculum
qa_157,"2024년 기준, 인공지능학과 학생 전용 학생회실이나 야간 코딩 실습을 위한 24시간 개방 PC 실습실은 대학 캠퍼스 건물 중 몇 동 몇 호에 위치해 있나요?","해당 PDF 파일은 학과 소개, 이수 체계도, 교과목 개요 등의 교육과정 정보만 담고 있으며, 학생회실 위치나 실습실 호수 같은 캠퍼스 시설 배치 정보는 나와 있지 않습니다.",2024,2024_cr.pdf,"자료에 없음, 실습실 위치, 학생회실, 캠퍼스 시설",curriculum
qa_158,"2024년 기준, 전공과목인 기계학습이나 딥러닝 수업을 청강하거나 수강할 때, 개인 노트북의 그래픽카드(GPU) 사양(예: RTX 4060 이상 등) 최소 기준이 요람에 명시되어 있나요?","교과목 개요에 이론 및 실습 시간, 학습 목적 등은 기술되어 있으나, 학생들이 수업에 지참해야 할 개인 PC나 노트북의 하드웨어 사양(GPU, RAM 등)에 대한 요구 조건은 자료에 기재되어 있지 않습니다.",2024,2024_cr.pdf,"자료에 없음, 노트북 사양, GPU 기준, 기계학습 준비물",curriculum
qa_159,"2025년 기준, 인공지능학과를 단일전공으로 졸업하려면 총 몇 학점을 이수해야 하며, 그 중 전공 필수 설계 교과목 학점은 얼마인가요?","단일전공자의 총 졸업 최소 이수학점은 130학점입니다. 이 중 전공은 70학점을 채워야 하며, 70학점 안에는 단일전공자 필수 이수 사항인 '설계교과' 14학점이 포함되어 있어야 합니다.",2025,2025_cr.pdf,"졸업최소이수학점, 단일전공, 설계교과 학점",curriculum
qa_160,"2025년 기준, 인공지능학과 학생이 타 학과를 복수전공이나 융합전공으로 이수할 때, 인공지능학과(제1전공) 전공학점은 얼마나 이수해야 하나요?","복수전공, 연계전공, 융합전공을 이수할 경우, 제1전공(인공지능학과)의 기준학점은 45학점 이상 이수해야 합니다.",2025,2025_cr.pdf,"복수전공, 제1전공 기준학점, 다전공 이수",curriculum
qa_161,"2025년 기준, 부전공으로 인공지능학과를 선택한 타 학과 학생의 경우, 졸업을 위해 인공지능학과 과목을 몇 학점 들어야 하나요?",타 학과 학생이 인공지능학과를 부전공으로 이수하려면 전공 기준학점인 18학점 이상을 이수해야 합니다.,2025,2025_cr.pdf,"부전공 이수학점, 타과생 부전공",curriculum
qa_162,"2025년 기준, 단일전공자인데 편입생입니다. 저도 전공 안내에 표시된 14학점의 설계교과를 무조건 다 이수해야 졸업이 가능한가요?","아닙니다. 설계교과 14학점 필수 이수 규정은 단일전공자에게 적용되지만, 편입생, 복수전공자, 연계전공자, 부전공자는 예외로 인정되어 필수 이수하지 않아도 됩니다.",2025,2025_cr.pdf,"편입생 예외 규정, 설계교과 예외",curriculum
qa_163,"2025년 기준, 4학년 때 졸업작품을 제출하고 발표하는 것 대신, 다른 방법으로 졸업논문/작품 심사를 면제받을 수 있는 기준이 있나요?","두 가지 면제 기준이 있습니다. 첫째, 전국규모 공모전에서 입상하여 학과 심의를 통과한 경우, 둘째, 전국규모 학회에 논문을 발표하거나 게재하여 학과 심의를 통과한 경우에는 졸업작품 심사를 통과한 것으로 인정받을 수 있습니다.",2025,2025_cr.pdf,"졸업작품 면제, 공모전 입상, 학회 논문 게재",curriculum
qa_164,"2025년 기준, 졸업작품을 제출하고 심사를 받으려면 어떤 자격 조건을 충족해야 하나요?","학과에서 제시하는 학점이수체계에 따라 졸업에 필요한 모든 학점을 이미 취득했거나, 해당 학기에 모든 학점을 취득 완료할 수 있는 '취득 예정자'여야 제출 및 심사 자격이 주어집니다.",2025,2025_cr.pdf,"졸업작품 제출자격, 학점이수 완료예정",curriculum
qa_165,"2025년 기준, 1학년 1학기에 개설되는 전공 수업 중, 이론 수업 없이 100% 실습(4시간)으로만 진행되는 프로그래밍 과목은 무엇인가요?","1학년 1학기에 개설되는 'AI프로그래밍실습(과목코드 61902A)'입니다. 이 과목은 이론 0시간, 실습 4시간으로 구성되어 있어 완전한 실무 실습으로 진행됩니다.",2025,2025_cr.pdf,"AI프로그래밍실습, 전공실습, 1학년 전공",curriculum
qa_166,"2025년 기준, 인공지능학과의 핵심 전공인 '딥러닝'과 '고급딥러닝'은 각각 몇 학년 몇 학기에 배울 수 있도록 설계되어 있나요?","딥러닝'은 2학년 1학기(기본과정)에 개설되며, 보다 심화된 내용을 다루는 '고급딥러닝'은 2학년 2학기(심화과정)에 연속해서 수강할 수 있도록 설계되어 있습니다.",2025,2025_cr.pdf,"딥러닝, 고급딥러닝, 개설 학기",curriculum
qa_167,"2025년 기준, 3학년 전공 과목 중에서 '의료AI 융합트랙'에 포함되는 과목들은 구체적으로 어떤 것들이 있나요?","3학년 과정 중 '의료인공지능개론'(3학년 1학기), '의학및병원용어'(3학년 1학기), 'EMR데이터분석'(3학년 2학기) 등 총 3개 과목이 의료AI 융합트랙 과목으로 지정되어 있습니다.",2025,2025_cr.pdf,"의료AI 융합트랙, EMR데이터분석, 의료인공지능개론",curriculum
qa_168,"2025년 기준, 최근 유행하는 AI 트렌드를 반영한 '생성형 AI' 과목은 몇 학년에 개설되며 학점은 어떻게 되나요?","생성형 AI(과목코드 61970A)' 과목은 4학년 2학기 심화 과정에 개설되며, 3학점(이론 3시간) 짜리 교과목입니다.",2025,2025_cr.pdf,"생성형 AI, 4학년 심화전공",curriculum
qa_169,"2025년 기준, 학과 전공 역량 중 '실무개발역량'을 키우고 싶습니다. 로드맵상 2학년 때 이 역량과 연계되어 있는 전공 과목들은 무엇인가요?","2학년 과정 중 '데이터베이스 프로그래밍', 'JAVA 프로그래밍', '클라우드컴퓨팅' 과목이 실무개발역량 강화를 위해 연계되어 있습니다.",2025,2025_cr.pdf,"실무개발역량, 데이터베이스 프로그래밍, 클라우드컴퓨팅",curriculum
qa_170,"2025년 기준, 전공 역량별 교육과정 연계도에서 '창의융합역량'으로 분류된 1학년 전공 과목들은 무엇인가요?","1학년 과목 중 '인공지능의 이해', 'AI를 위한 기초수학 및 통계', '기계학습'이 창의융합역량 교과목으로 묶여 있습니다.",2025,2025_cr.pdf,"창의융합역량, 기계학습, AI를 위한 기초수학 및 통계",curriculum
qa_171,"2025년 기준, 창의적 문제해결 역량'을 기르기 위해 학과에서 개설한 1학년 대상의 설계 교과목들은 무엇인가요?",1학년 1학기의 '창의도전설계 I'과 1학년 2학기의 '창의도전설계 II'가 있습니다. 이 과목들은 대학 핵심역량 중 창의적 문제해결 및 의사소통역량과 밀접하게 연계된 설계 과목입니다.,2025,2025_cr.pdf,"창의도전설계, 1학년 설계과목, 창의적 문제해결",curriculum
qa_172,"2025년 기준, 전공역량 매트릭스를 보면 4학년 과목 중 '의료인공지능실무'와 'AI캡스톤디자인 II'가 강조하는 역량이 서로 다릅니다. 각각 어떤 역량에 매핑되어 있나요?","의료인공지능실무'는 대학 핵심역량 중 '의사소통 역량'과 '창의적 문제해결 역량' 등에 매핑되어 있고, 'AI캡스톤디자인 II'는 '자기관리 역량'에 집중적으로 매핑되어 참여를 유도합니다.",2025,2025_cr.pdf,"역량 매트릭스, 의료인공지능실무, AI캡스톤디자인 II",curriculum
qa_173,"2025년 기준, 인공지능학과 전공 역량 중 '의사소통역량'은 구체적으로 어떤 하위 역량들로 정의되어 실무에 적용되나요?","팀원들을 유도하고 동참시켜 효율적으로 협업하는 '유인형 협업능력'과, 다양한 이해관계자의 의견을 수렴하여 공동의 결정을 내리는 '협력적 의사결정능력'으로 정의됩니다.",2025,2025_cr.pdf,"의사소통역량, 유인형 협업능력, 협력적 의사결정능력",curriculum
qa_174,"2025년 기준, 실무개발역량의 하위 요소인 '시스템적 사고능력'이란 인공지능학과 학생들에게 어떤 능력을 의미하나요?","전체 시스템을 고려하여 복잡한 시스템이나 문제를 이해하고, 상호 연관된 요소들 간의 영향을 종합적으로 고려하여 해결책을 찾아내는 능력을 의미합니다.",2025,2025_cr.pdf,"시스템적 사고능력, 문제 해결책",curriculum
qa_175,"2025년 기준, 데이터사이언스 분야로 진로를 잡은 학생이 1학년 2학기에 반드시 수강해야 할 데이터 분석 전단계 필수 파이썬 과목은 무엇인가요?",1학년 2학기에 개설되는 '데이터사이언스를위한파이썬(과목코드 61908A)'입니다. 파이썬을 활용한 데이터 다루기의 기초를 다지는 기본 전공과목입니다.,2025,2025_cr.pdf,"데이터사이언스를위한파이썬, 1학년 2학기",curriculum
qa_176,"2025년 기준, 4학년 1학기에 수강할 수 있는 설계 교과목이자, 캡스톤 형태의 실무 중심 과목은 명칭이 어떻게 되나요?",4학년 1학기 심화 과정에 개설되는 'AI캡스톤디자인 I(과목코드 61934A)'입니다. 3학점짜리 설계 교과목입니다.,2025,2025_cr.pdf,"AI캡스톤디자인 I, 4학년 1학기 설계",curriculum
qa_177,"2025년 기준, 3학년 방학(하계/동계)을 이용하여 나갈 수 있는 '의료인공지능현장실습'은 이수 기간이나 형태에 따라 몇 학점까지 인정받을 수 있나요?","단기/중기 형태에 따라 '의료인공지능현장실습4'(4학점)와 '의료인공지능현장실습8'(8학점)이 개설되어 있어, 최소 4학점에서 최대 8학점까지 인정받을 수 있습니다.",2025,2025_cr.pdf,"의료인공지능현장실습, 학기중 현장실습, 학점 인정",curriculum
qa_178,"2025년 기준, 학과 학점표를 보면 3학년 1학기 학기제 혹은 장기 현장실습으로 갈 수 있는 과목들이 보이는데, 최대 몇 학점짜리 과목까지 개설되어 있나요?","3학년 1학기 시기에 개설되는 현장실습 중 가장 학점이 높은 것은 '의료인공지능현장실습15' 및 '해외의료인공지능현장실습15'로, 한 과목당 무려 15학점(실습 30시간) 짜리 과목입니다.",2025,2025_cr.pdf,"장기현장실습, 15학점 현장실습",curriculum
qa_179,"2025년 기준, 1학년 때 들어야 하는 '교양필수' 학점은 총 몇 학점이며, 어떤 과목들을 이수해야 하나요?","교양필수는 총 6학점입니다. 1학년 1학기에 'ESG·지역사회문제해결 I'(1학점)과 '인성과 도전 선택과목'(1학점), 1학년 2학기에 'ESG 지역사회문제해결 II'(1학점), 그리고 2학년(또는 1학년) 시기에 '의사소통'(3학점)을 이수해야 합니다.",2025,2025_cr.pdf,"교양필수 학점, ESG·지역사회문제해결, 의사소통 교양",curriculum
qa_180,"2025년 기준, KY Vision 교과목 중 '진로 취창업' 영역에서 필수로 이수해야 하는 총 학점과 학년별 과목명은 무엇인가요?","진로 취창업 영역은 총 4학점을 이수해야 합니다. 1학년 때 '나의 꿈과 미래디자인'(1학점), 2학년 때 '기업가정신과 리더십'(1학점), 4학년 때 '사회진출 성공전략'(2학점)을 이수하게 됩니다.",2025,2025_cr.pdf,"KY Vision, 진로 취창업, 나의 꿈과 미래디자인, 사회진출 성공전략",curriculum
qa_181,"2025년 기준, KY Vision 교과목의 'SW 기초' 영역에서 1학년 1학기나 2학기에 '택 1'하여 들을 수 있는 기초 과목 5가지는 무엇인가요?","컴퓨팅 사고력과 문제해결력', '데이터 분석 입문', '소프트웨어 개발 환경과 협업방법', '파이썬 프로그래밍', '웹프로그래밍' 중 하나를 선택하여 이수할 수 있습니다.",2025,2025_cr.pdf,"SW 기초, 컴퓨팅 사고력과 문제해결력, 파이썬 프로그래밍",curriculum
qa_182,"2025년 기준, KY Vision 'SW 기초' 영역의 2학년 선택과목 중, 인공지능학과 학생이 전공(기계학습 등)을 배우기 전에 연계하여 들으면 좋은 '데이터 분석 기초' 과목의 코드는 무엇인가요?","과목 코드는 '00055M'이며, 과목명은 '데이터 분석 기초'입니다. 2학년 1학기 또는 2학기에 선택 이수할 수 있는 2학점짜리 교과목입니다.",2025,2025_cr.pdf,"데이터 분석 기초, 과목코드 00055M",curriculum
qa_183,"첨부된 2025학년도 교육과정 자료에 따르면, 우리 학과의 명칭은 원래 무엇이었으며 언제 현재의 이름으로 개편되었나요?",원래 2020년 교육부 첨단분야학과 학생조정 계획에 따라 최초 신설될 당시 명칭은 '의료인공지능학과'였습니다. 이후 산업 수요 변화에 맞추어 2024년도에 현재의 '인공지능학과'로 학과 명칭 및 체제를 개편하였습니다.,2025,2025_cr.pdf,"의료인공지능학과, 학과 개편, 2024년 개편",curriculum
qa_184,"학과의 최초 신설 연도는 언제이며, 2025학년도 교육과정 기준으로 학과가 추구하는 인재상에는 어떤 변화가 있었나요?","학과는 2020년에 신설되었습니다. 학과 개편을 거쳐 2025학년도 교육과정 기준 학과 인재상은 '인공지능 융합을 선도하는 ① AI 창의인재, ② AI 융합인재, ③ AI 실무인재'로 구체화되어 인공지능 융합 기술 선도에 초점을 맞추고 있습니다.",2025,2025_cr.pdf,"학과 신설 연도, 학과 인재상, AI 융합인재",curriculum
qa_185,"2025 건양대학교 교육과정 가이드라인상, 단일전공자와 복수전공자의 '졸업 최소 이수학점' 총점은 서로 다릅니까?","아닙니다. 단일전공자, 복수/연계/융합전공자, 부전공자 모두 '졸업 최소 이수학점' 자체는 130학점으로 동일합니다. 다만 그 내부 구성(제1전공 학점 채우기 방식 등)에서 차이가 있을 뿐입니다.",2025,2025_cr.pdf,"졸업최소이수학점 비교, 복수전공 학점",curriculum
qa_186,"2025년 기준, 인공지능학과 학생회비는 얼마이며, 학과 잠바(학잠) 공동 구매는 몇 월에 진행되나요?",제공된 2025학년도 교육과정 및 학과 내규 가이드라인 문서에는 학생회비 금액이나 학과 잠바 공동 구매 일정 등 학생회 자치 활동에 대한 정보가 포함되어 있지 않습니다.,2025,2025_cr.pdf,"자료에 없음, 학생회비, 학과 잠바, 자료 외 정보",curriculum
qa_187,"2025년 기준, 2학년 1학기 전공인 '데이터베이스프로그래밍' 수업 때 사용하는 메인 데이터베이스 소프트웨어(SQL 종류)는 Oracle인가요, MySQL인가요?","본 교과과정 일람표에는 '데이터베이스프로그래밍'의 학점(3학점)과 시수(이론 2, 실습 2) 정보만 나와 있을 뿐, 수업 내에서 구체적으로 어떤 실습 툴(Oracle, MySQL, PostgreSQL 등)을 사용하는지에 대한 상세 강의계획서(실라버스) 내용은 기재되어 있지 않습니다.",2025,2025_cr.pdf,"자료에 없음, 데이터베이스 툴, 강의 상세 내용",curriculum
qa_188,"2025년 기준, 졸업작품 심사에서 탈락할 경우, 다음 학기에 바로 재심사를 받을 수 있는 기회가 주어지나요? 아니면 졸업 유예를 해야 하나요?","학과 내규에 졸업작품 및 보고서를 제출하고 발표하여 심사를 통과해야 한다는 조건과 면제 기준은 명시되어 있으나, 심사에서 탈락(불합격)했을 경우의 재심사 프로세스나 졸업 유예 규정에 대해서는 본 문서에 구체적으로 언급되어 있지 않습니다.",2025,2025_cr.pdf,"자료에 없음, 졸업작품 탈락, 재심사 규정",curriculum
